[{"model": "contenttypes.contenttype", "pk": 1, "fields": {"app_label": "admin", "model": "logentry"}}, {"model": "contenttypes.contenttype", "pk": 2, "fields": {"app_label": "auth", "model": "user"}}, {"model": "contenttypes.contenttype", "pk": 3, "fields": {"app_label": "auth", "model": "group"}}, {"model": "contenttypes.contenttype", "pk": 4, "fields": {"app_label": "auth", "model": "permission"}}, {"model": "contenttypes.contenttype", "pk": 5, "fields": {"app_label": "contenttypes", "model": "contenttype"}}, {"model": "contenttypes.contenttype", "pk": 6, "fields": {"app_label": "sessions", "model": "session"}}, {"model": "contenttypes.contenttype", "pk": 7, "fields": {"app_label": "bookings", "model": "bookings"}}, {"model": "contenttypes.contenttype", "pk": 8, "fields": {"app_label": "professional", "model": "professional"}}, {"model": "contenttypes.contenttype", "pk": 9, "fields": {"app_label": "professional", "model": "professionalservice"}}, {"model": "contenttypes.contenttype", "pk": 10, "fields": {"app_label": "rooms", "model": "rooms"}}, {"model": "contenttypes.contenttype", "pk": 11, "fields": {"app_label": "rooms", "model": "roomprofessionalservice"}}, {"model": "contenttypes.contenttype", "pk": 12, "fields": {"app_label": "services", "model": "services"}}, {"model": "contenttypes.contenttype", "pk": 13, "fields": {"app_label": "users", "model": "users"}}, {"model": "contenttypes.contenttype", "pk": 14, "fields": {"app_label": "bookings", "model": "bookingstate"}}, {"model": "bookings.bookings", "pk": 1, "fields": {"fecha": "2018-01-01", "hora_inicio": "00:01:00", "hora_fin": "01:03:00", "room_profesional_service": 1, "user": 1, "estado": 1}}, {"model": "bookings.bookings", "pk": 2, "fields": {"fecha": "2018-01-01", "hora_inicio": "00:01:00", "hora_fin": "00:02:00", "room_profesional_service": 1, "user": 1, "estado": 1}}, {"model": "bookings.bookingstate", "pk": 1, "fields": {"nombre": "EN ESPERA"}}, {"model": "bookings.bookingstate", "pk": 2, "fields": {"nombre": "ATENDIDO"}}, {"model": "bookings.bookingstate", "pk": 3, "fields": {"nombre": "RECHAZADO"}}, {"model": "professional.professional", "pk": 1, "fields": {"nombre": "Frank Morales", "apellido_paterno": "Bryan Singh", "apellido_materno": "Roy Washington", "fecha_nacimiento": "2005-07-11", "edad": 67, "usr_fecha_creacion": "1996-04-14T23:44:53Z", "usr_fecha_edicion": "1994-12-24T03:40:14Z", "activo": true}}, {"model": "professional.professional", "pk": 2, "fields": {"nombre": "Matthew Chavez", "apellido_paterno": "John Navarro", "apellido_materno": "Mary Griffith", "fecha_nacimiento": "2016-10-07", "edad": 80, "usr_fecha_creacion": "1981-06-17T12:48:04Z", "usr_fecha_edicion": "2013-10-30T09:44:51Z", "activo": false}}, {"model": "professional.professional", "pk": 3, "fields": {"nombre": "Rhonda Bray", "apellido_paterno": "Melinda Lee", "apellido_materno": "Michael Gibson", "fecha_nacimiento": "2012-05-07", "edad": 57, "usr_fecha_creacion": "1990-12-13T16:55:54Z", "usr_fecha_edicion": "1996-04-18T07:02:36Z", "activo": true}}, {"model": "professional.professional", "pk": 4, "fields": {"nombre": "John Morris", "apellido_paterno": "Heather Baker", "apellido_materno": "Harold Smith", "fecha_nacimiento": "1974-02-13", "edad": 30, "usr_fecha_creacion": "2000-04-04T10:44:04Z", "usr_fecha_edicion": "2000-03-26T16:11:47Z", "activo": false}}, {"model": "professional.professional", "pk": 5, "fields": {"nombre": "Tina Mason", "apellido_paterno": "Andrew Flowers", "apellido_materno": "Frances Vaughan", "fecha_nacimiento": "1990-07-20", "edad": 83, "usr_fecha_creacion": "2000-09-05T12:42:35Z", "usr_fecha_edicion": "2000-04-07T21:50:11Z", "activo": true}}, {"model": "professional.professional", "pk": 6, "fields": {"nombre": "Leonard Lewis", "apellido_paterno": "Walter Mcbride", "apellido_materno": "Donna Bowman", "fecha_nacimiento": "1996-08-10", "edad": 32, "usr_fecha_creacion": "2017-06-07T18:19:17Z", "usr_fecha_edicion": "1997-07-30T00:04:25Z", "activo": true}}, {"model": "professional.professional", "pk": 7, "fields": {"nombre": "Steven Scott", "apellido_paterno": "Destiny Mccarty", "apellido_materno": "Stacy Wilson", "fecha_nacimiento": "2004-04-06", "edad": 27, "usr_fecha_creacion": "1988-12-11T06:52:23Z", "usr_fecha_edicion": "1970-11-29T13:10:10Z", "activo": false}}, {"model": "professional.professional", "pk": 8, "fields": {"nombre": "Jose Morales", "apellido_paterno": "Richard Reed", "apellido_materno": "Jacqueline Kidd", "fecha_nacimiento": "1976-12-23", "edad": 27, "usr_fecha_creacion": "2018-03-22T12:01:11Z", "usr_fecha_edicion": "1984-12-04T03:35:58Z", "activo": false}}, {"model": "professional.professional", "pk": 9, "fields": {"nombre": "Darryl Pierce", "apellido_paterno": "Timothy Greer", "apellido_materno": "Gloria Howard", "fecha_nacimiento": "2010-05-08", "edad": 76, "usr_fecha_creacion": "2000-10-15T21:47:23Z", "usr_fecha_edicion": "2011-01-29T12:17:55Z", "activo": true}}, {"model": "professional.professional", "pk": 10, "fields": {"nombre": "Troy Thompson", "apellido_paterno": "Brad Hess", "apellido_materno": "Keith Martinez", "fecha_nacimiento": "1977-05-05", "edad": 46, "usr_fecha_creacion": "1990-04-15T22:23:16Z", "usr_fecha_edicion": "2002-10-27T13:15:36Z", "activo": false}}, {"model": "professional.professional", "pk": 11, "fields": {"nombre": "Michelle Taylor", "apellido_paterno": "Jessica Espinoza", "apellido_materno": "Benjamin Simmons", "fecha_nacimiento": "2011-12-06", "edad": 88, "usr_fecha_creacion": "2012-08-10T14:36:21Z", "usr_fecha_edicion": "1982-10-28T11:03:38Z", "activo": false}}, {"model": "professional.professional", "pk": 12, "fields": {"nombre": "Diana Chase", "apellido_paterno": "Amy Garrett", "apellido_materno": "Marc Schmitt", "fecha_nacimiento": "1977-04-09", "edad": 44, "usr_fecha_creacion": "2002-10-05T12:36:01Z", "usr_fecha_edicion": "1975-04-25T02:54:31Z", "activo": false}}, {"model": "professional.professional", "pk": 13, "fields": {"nombre": "Nicole Matthews", "apellido_paterno": "Danny Middleton", "apellido_materno": "Christine Valdez", "fecha_nacimiento": "1997-03-07", "edad": 34, "usr_fecha_creacion": "2017-06-25T21:18:11Z", "usr_fecha_edicion": "2008-07-31T07:53:59Z", "activo": false}}, {"model": "professional.professional", "pk": 14, "fields": {"nombre": "Jason Salas", "apellido_paterno": "Christina Snyder", "apellido_materno": "Jorge Weber", "fecha_nacimiento": "2002-12-01", "edad": 88, "usr_fecha_creacion": "2015-07-05T07:11:29Z", "usr_fecha_edicion": "1988-06-21T02:50:41Z", "activo": true}}, {"model": "professional.professional", "pk": 15, "fields": {"nombre": "Susan Sullivan", "apellido_paterno": "Jill Matthews", "apellido_materno": "Brian Mendez", "fecha_nacimiento": "1989-04-12", "edad": 64, "usr_fecha_creacion": "2012-03-29T10:49:28Z", "usr_fecha_edicion": "1994-08-22T11:22:17Z", "activo": false}}, {"model": "professional.professional", "pk": 16, "fields": {"nombre": "John Gross", "apellido_paterno": "Chad Wilson", "apellido_materno": "Anthony Gordon", "fecha_nacimiento": "1979-08-20", "edad": 39, "usr_fecha_creacion": "2016-06-27T19:14:06Z", "usr_fecha_edicion": "1977-03-20T23:15:32Z", "activo": true}}, {"model": "professional.professional", "pk": 17, "fields": {"nombre": "Kendra Huynh", "apellido_paterno": "Seth Vazquez", "apellido_materno": "Nicholas Gardner", "fecha_nacimiento": "1990-10-11", "edad": 82, "usr_fecha_creacion": "1990-03-30T09:56:37Z", "usr_fecha_edicion": "1979-10-03T14:47:10Z", "activo": false}}, {"model": "professional.professional", "pk": 18, "fields": {"nombre": "Alexis Williams", "apellido_paterno": "Zachary Martinez", "apellido_materno": "Felicia Johnson", "fecha_nacimiento": "2006-06-05", "edad": 97, "usr_fecha_creacion": "1985-08-28T19:53:26Z", "usr_fecha_edicion": "1995-11-18T02:31:55Z", "activo": false}}, {"model": "professional.professional", "pk": 19, "fields": {"nombre": "Jason Burns", "apellido_paterno": "Richard Walsh", "apellido_materno": "Fernando Lee", "fecha_nacimiento": "2004-10-11", "edad": 63, "usr_fecha_creacion": "1976-04-15T02:47:51Z", "usr_fecha_edicion": "1971-12-18T20:21:09Z", "activo": true}}, {"model": "professional.professional", "pk": 20, "fields": {"nombre": "Wesley Meyer", "apellido_paterno": "Michael Patterson", "apellido_materno": "Maria Gonzalez", "fecha_nacimiento": "2004-10-26", "edad": 26, "usr_fecha_creacion": "1975-12-09T11:02:08Z", "usr_fecha_edicion": "1983-01-07T03:48:17Z", "activo": true}}, {"model": "professional.professionalservice", "pk": 1, "fields": {"profesional": 1, "service": 1}}, {"model": "professional.professionalservice", "pk": 2, "fields": {"profesional": 1, "service": 2}}, {"model": "professional.professionalservice", "pk": 3, "fields": {"profesional": 1, "service": 3}}, {"model": "professional.professionalservice", "pk": 4, "fields": {"profesional": 1, "service": 4}}, {"model": "professional.professionalservice", "pk": 5, "fields": {"profesional": 1, "service": 5}}, {"model": "professional.professionalservice", "pk": 6, "fields": {"profesional": 1, "service": 6}}, {"model": "professional.professionalservice", "pk": 7, "fields": {"profesional": 2, "service": 1}}, {"model": "professional.professionalservice", "pk": 8, "fields": {"profesional": 2, "service": 2}}, {"model": "professional.professionalservice", "pk": 9, "fields": {"profesional": 2, "service": 3}}, {"model": "professional.professionalservice", "pk": 10, "fields": {"profesional": 2, "service": 4}}, {"model": "professional.professionalservice", "pk": 11, "fields": {"profesional": 2, "service": 5}}, {"model": "professional.professionalservice", "pk": 12, "fields": {"profesional": 2, "service": 6}}, {"model": "professional.professionalservice", "pk": 13, "fields": {"profesional": 3, "service": 1}}, {"model": "professional.professionalservice", "pk": 14, "fields": {"profesional": 3, "service": 2}}, {"model": "professional.professionalservice", "pk": 15, "fields": {"profesional": 3, "service": 3}}, {"model": "professional.professionalservice", "pk": 16, "fields": {"profesional": 3, "service": 4}}, {"model": "professional.professionalservice", "pk": 17, "fields": {"profesional": 3, "service": 5}}, {"model": "professional.professionalservice", "pk": 18, "fields": {"profesional": 3, "service": 6}}, {"model": "professional.professionalservice", "pk": 19, "fields": {"profesional": 4, "service": 1}}, {"model": "professional.professionalservice", "pk": 20, "fields": {"profesional": 4, "service": 2}}, {"model": "professional.professionalservice", "pk": 21, "fields": {"profesional": 4, "service": 3}}, {"model": "professional.professionalservice", "pk": 22, "fields": {"profesional": 4, "service": 4}}, {"model": "professional.professionalservice", "pk": 23, "fields": {"profesional": 4, "service": 5}}, {"model": "professional.professionalservice", "pk": 24, "fields": {"profesional": 4, "service": 6}}, {"model": "professional.professionalservice", "pk": 25, "fields": {"profesional": 5, "service": 1}}, {"model": "professional.professionalservice", "pk": 26, "fields": {"profesional": 5, "service": 2}}, {"model": "professional.professionalservice", "pk": 27, "fields": {"profesional": 5, "service": 3}}, {"model": "professional.professionalservice", "pk": 28, "fields": {"profesional": 5, "service": 4}}, {"model": "professional.professionalservice", "pk": 29, "fields": {"profesional": 5, "service": 5}}, {"model": "professional.professionalservice", "pk": 30, "fields": {"profesional": 5, "service": 6}}, {"model": "professional.professionalservice", "pk": 31, "fields": {"profesional": 6, "service": 1}}, {"model": "professional.professionalservice", "pk": 32, "fields": {"profesional": 6, "service": 2}}, {"model": "professional.professionalservice", "pk": 33, "fields": {"profesional": 6, "service": 3}}, {"model": "professional.professionalservice", "pk": 34, "fields": {"profesional": 6, "service": 4}}, {"model": "professional.professionalservice", "pk": 35, "fields": {"profesional": 6, "service": 5}}, {"model": "professional.professionalservice", "pk": 36, "fields": {"profesional": 6, "service": 6}}, {"model": "professional.professionalservice", "pk": 37, "fields": {"profesional": 7, "service": 1}}, {"model": "professional.professionalservice", "pk": 38, "fields": {"profesional": 7, "service": 2}}, {"model": "professional.professionalservice", "pk": 39, "fields": {"profesional": 7, "service": 3}}, {"model": "professional.professionalservice", "pk": 40, "fields": {"profesional": 7, "service": 4}}, {"model": "professional.professionalservice", "pk": 41, "fields": {"profesional": 7, "service": 5}}, {"model": "professional.professionalservice", "pk": 42, "fields": {"profesional": 7, "service": 6}}, {"model": "professional.professionalservice", "pk": 43, "fields": {"profesional": 8, "service": 1}}, {"model": "professional.professionalservice", "pk": 44, "fields": {"profesional": 8, "service": 2}}, {"model": "professional.professionalservice", "pk": 45, "fields": {"profesional": 8, "service": 3}}, {"model": "professional.professionalservice", "pk": 46, "fields": {"profesional": 8, "service": 4}}, {"model": "professional.professionalservice", "pk": 47, "fields": {"profesional": 8, "service": 5}}, {"model": "professional.professionalservice", "pk": 48, "fields": {"profesional": 8, "service": 6}}, {"model": "professional.professionalservice", "pk": 49, "fields": {"profesional": 9, "service": 1}}, {"model": "professional.professionalservice", "pk": 50, "fields": {"profesional": 9, "service": 2}}, {"model": "professional.professionalservice", "pk": 51, "fields": {"profesional": 9, "service": 3}}, {"model": "professional.professionalservice", "pk": 52, "fields": {"profesional": 9, "service": 4}}, {"model": "professional.professionalservice", "pk": 53, "fields": {"profesional": 9, "service": 5}}, {"model": "professional.professionalservice", "pk": 54, "fields": {"profesional": 9, "service": 6}}, {"model": "professional.professionalservice", "pk": 55, "fields": {"profesional": 10, "service": 1}}, {"model": "professional.professionalservice", "pk": 56, "fields": {"profesional": 10, "service": 2}}, {"model": "professional.professionalservice", "pk": 57, "fields": {"profesional": 10, "service": 3}}, {"model": "professional.professionalservice", "pk": 58, "fields": {"profesional": 10, "service": 4}}, {"model": "professional.professionalservice", "pk": 59, "fields": {"profesional": 10, "service": 5}}, {"model": "professional.professionalservice", "pk": 60, "fields": {"profesional": 10, "service": 6}}, {"model": "professional.professionalservice", "pk": 61, "fields": {"profesional": 11, "service": 1}}, {"model": "professional.professionalservice", "pk": 62, "fields": {"profesional": 11, "service": 2}}, {"model": "professional.professionalservice", "pk": 63, "fields": {"profesional": 11, "service": 3}}, {"model": "professional.professionalservice", "pk": 64, "fields": {"profesional": 11, "service": 4}}, {"model": "professional.professionalservice", "pk": 65, "fields": {"profesional": 11, "service": 5}}, {"model": "professional.professionalservice", "pk": 66, "fields": {"profesional": 11, "service": 6}}, {"model": "professional.professionalservice", "pk": 67, "fields": {"profesional": 12, "service": 1}}, {"model": "professional.professionalservice", "pk": 68, "fields": {"profesional": 12, "service": 2}}, {"model": "professional.professionalservice", "pk": 69, "fields": {"profesional": 12, "service": 3}}, {"model": "professional.professionalservice", "pk": 70, "fields": {"profesional": 12, "service": 4}}, {"model": "professional.professionalservice", "pk": 71, "fields": {"profesional": 12, "service": 5}}, {"model": "professional.professionalservice", "pk": 72, "fields": {"profesional": 12, "service": 6}}, {"model": "professional.professionalservice", "pk": 73, "fields": {"profesional": 13, "service": 1}}, {"model": "professional.professionalservice", "pk": 74, "fields": {"profesional": 13, "service": 2}}, {"model": "professional.professionalservice", "pk": 75, "fields": {"profesional": 13, "service": 3}}, {"model": "professional.professionalservice", "pk": 76, "fields": {"profesional": 13, "service": 4}}, {"model": "professional.professionalservice", "pk": 77, "fields": {"profesional": 13, "service": 5}}, {"model": "professional.professionalservice", "pk": 78, "fields": {"profesional": 13, "service": 6}}, {"model": "professional.professionalservice", "pk": 79, "fields": {"profesional": 14, "service": 1}}, {"model": "professional.professionalservice", "pk": 80, "fields": {"profesional": 14, "service": 2}}, {"model": "professional.professionalservice", "pk": 81, "fields": {"profesional": 14, "service": 3}}, {"model": "professional.professionalservice", "pk": 82, "fields": {"profesional": 14, "service": 4}}, {"model": "professional.professionalservice", "pk": 83, "fields": {"profesional": 14, "service": 5}}, {"model": "professional.professionalservice", "pk": 84, "fields": {"profesional": 14, "service": 6}}, {"model": "professional.professionalservice", "pk": 85, "fields": {"profesional": 15, "service": 1}}, {"model": "professional.professionalservice", "pk": 86, "fields": {"profesional": 15, "service": 2}}, {"model": "professional.professionalservice", "pk": 87, "fields": {"profesional": 15, "service": 3}}, {"model": "professional.professionalservice", "pk": 88, "fields": {"profesional": 15, "service": 4}}, {"model": "professional.professionalservice", "pk": 89, "fields": {"profesional": 15, "service": 5}}, {"model": "professional.professionalservice", "pk": 90, "fields": {"profesional": 15, "service": 6}}, {"model": "professional.professionalservice", "pk": 91, "fields": {"profesional": 16, "service": 1}}, {"model": "professional.professionalservice", "pk": 92, "fields": {"profesional": 16, "service": 2}}, {"model": "professional.professionalservice", "pk": 93, "fields": {"profesional": 16, "service": 3}}, {"model": "professional.professionalservice", "pk": 94, "fields": {"profesional": 16, "service": 4}}, {"model": "professional.professionalservice", "pk": 95, "fields": {"profesional": 16, "service": 5}}, {"model": "professional.professionalservice", "pk": 96, "fields": {"profesional": 16, "service": 6}}, {"model": "professional.professionalservice", "pk": 97, "fields": {"profesional": 17, "service": 1}}, {"model": "professional.professionalservice", "pk": 98, "fields": {"profesional": 17, "service": 2}}, {"model": "professional.professionalservice", "pk": 99, "fields": {"profesional": 17, "service": 3}}, {"model": "professional.professionalservice", "pk": 100, "fields": {"profesional": 17, "service": 4}}, {"model": "professional.professionalservice", "pk": 101, "fields": {"profesional": 17, "service": 5}}, {"model": "professional.professionalservice", "pk": 102, "fields": {"profesional": 17, "service": 6}}, {"model": "professional.professionalservice", "pk": 103, "fields": {"profesional": 18, "service": 1}}, {"model": "professional.professionalservice", "pk": 104, "fields": {"profesional": 18, "service": 2}}, {"model": "professional.professionalservice", "pk": 105, "fields": {"profesional": 18, "service": 3}}, {"model": "professional.professionalservice", "pk": 106, "fields": {"profesional": 18, "service": 4}}, {"model": "professional.professionalservice", "pk": 107, "fields": {"profesional": 18, "service": 5}}, {"model": "professional.professionalservice", "pk": 108, "fields": {"profesional": 18, "service": 6}}, {"model": "professional.professionalservice", "pk": 109, "fields": {"profesional": 19, "service": 1}}, {"model": "professional.professionalservice", "pk": 110, "fields": {"profesional": 19, "service": 2}}, {"model": "professional.professionalservice", "pk": 111, "fields": {"profesional": 19, "service": 3}}, {"model": "professional.professionalservice", "pk": 112, "fields": {"profesional": 19, "service": 4}}, {"model": "professional.professionalservice", "pk": 113, "fields": {"profesional": 19, "service": 5}}, {"model": "professional.professionalservice", "pk": 114, "fields": {"profesional": 19, "service": 6}}, {"model": "professional.professionalservice", "pk": 115, "fields": {"profesional": 20, "service": 1}}, {"model": "professional.professionalservice", "pk": 116, "fields": {"profesional": 20, "service": 2}}, {"model": "professional.professionalservice", "pk": 117, "fields": {"profesional": 20, "service": 3}}, {"model": "professional.professionalservice", "pk": 118, "fields": {"profesional": 20, "service": 4}}, {"model": "professional.professionalservice", "pk": 119, "fields": {"profesional": 20, "service": 5}}, {"model": "professional.professionalservice", "pk": 120, "fields": {"profesional": 20, "service": 6}}, {"model": "rooms.rooms", "pk": 1, "fields": {"nombre": "Where everything same while. Door art bit financial foot buy yet.", "direccion": "About education us dark realize. Nice off job.\nAccording dream hear song pull wall deal. Season behavior seem north would push sister. Job thousand per could fast friend occur.", "ubigeo": "On."}}, {"model": "rooms.rooms", "pk": 2, "fields": {"nombre": "Back customer person address. Young last message network.", "direccion": "Since among fact various as listen. Good east summer. Themselves fly system sense series point.\nWhere trade boy physical population half. Card sister staff glass. Part yeah east of. Like oil technology follow.", "ubigeo": "Rate."}}, {"model": "rooms.rooms", "pk": 3, "fields": {"nombre": "Report edge stop own onto. Level recognize action simply.", "direccion": "Respond adult or simple hour husband west. Summer material crime world skill church voice.\nForce protect would rate indeed lead front choose. Piece increase situation support garden wait.", "ubigeo": "As."}}, {"model": "rooms.rooms", "pk": 4, "fields": {"nombre": "Teacher let wife sound simple father sort two.", "direccion": "Score experience large decade memory movement court third. Teach social beyond painting price. Eye off positive.\nModel significant home but other. Sometimes leg must. Answer provide see item unit.", "ubigeo": "Seek."}}, {"model": "rooms.rooms", "pk": 5, "fields": {"nombre": "President nice hot. Cold international race safe break.", "direccion": "For blood effort protect better power imagine. Billion for approach behavior radio. Agree worry measure research reflect within.", "ubigeo": "Risk."}}, {"model": "rooms.rooms", "pk": 6, "fields": {"nombre": "Man run seat skin. Set themselves wear yourself none ok surface. Yard large thank skill.", "direccion": "Attention among quality maintain. Democratic table theory stage our station significant.\nResearch down everything black. Author able concern room service.\nDefense do or. Whose number attorney color call deep.", "ubigeo": "Point."}}, {"model": "rooms.rooms", "pk": 7, "fields": {"nombre": "Why individual own pick. Nothing nice impact like television can.", "direccion": "Cost enter buy land list class. Eight husband year now during.\nSign large leg trial commercial. Amount gun body nothing upon firm bank now. Summer inside appear company speak.", "ubigeo": "Set."}}, {"model": "rooms.rooms", "pk": 8, "fields": {"nombre": "Buy opportunity who add speak cover affect. Take college actually lot.", "direccion": "Benefit throughout true card rate interest. Trip memory make region page son.\nProfessional enter environmental describe. Military control road respond view particular. If little bad yet point spend skill.", "ubigeo": "These."}}, {"model": "rooms.rooms", "pk": 9, "fields": {"nombre": "People black affect memory pretty poor American. Market consumer vote pass.", "direccion": "Kitchen career it leave drive reach hour. Discover board tell. Music hot though stage now.\nAir entire adult whatever guy attack. Give law despite network good account.", "ubigeo": "Pick."}}, {"model": "rooms.rooms", "pk": 10, "fields": {"nombre": "Dream where week summer simply. Age capital ago line market likely. Term nice nature arrive eye.", "direccion": "Arm similar box. Else red record.\nShare pretty billion rock on respond another those. Themselves national Republican individual less daughter. None opportunity myself because eat nothing around.", "ubigeo": "Ten."}}, {"model": "rooms.roomprofessionalservice", "pk": 1, "fields": {"profesional_service": 1, "room": 1}}, {"model": "rooms.roomprofessionalservice", "pk": 2, "fields": {"profesional_service": 1, "room": 2}}, {"model": "rooms.roomprofessionalservice", "pk": 3, "fields": {"profesional_service": 1, "room": 3}}, {"model": "rooms.roomprofessionalservice", "pk": 4, "fields": {"profesional_service": 1, "room": 4}}, {"model": "rooms.roomprofessionalservice", "pk": 5, "fields": {"profesional_service": 1, "room": 5}}, {"model": "rooms.roomprofessionalservice", "pk": 6, "fields": {"profesional_service": 1, "room": 6}}, {"model": "rooms.roomprofessionalservice", "pk": 7, "fields": {"profesional_service": 1, "room": 7}}, {"model": "rooms.roomprofessionalservice", "pk": 8, "fields": {"profesional_service": 1, "room": 8}}, {"model": "rooms.roomprofessionalservice", "pk": 9, "fields": {"profesional_service": 1, "room": 9}}, {"model": "rooms.roomprofessionalservice", "pk": 10, "fields": {"profesional_service": 1, "room": 10}}, {"model": "rooms.roomprofessionalservice", "pk": 11, "fields": {"profesional_service": 2, "room": 1}}, {"model": "rooms.roomprofessionalservice", "pk": 12, "fields": {"profesional_service": 2, "room": 2}}, {"model": "rooms.roomprofessionalservice", "pk": 13, "fields": {"profesional_service": 2, "room": 3}}, {"model": "rooms.roomprofessionalservice", "pk": 14, "fields": {"profesional_service": 2, "room": 4}}, {"model": "rooms.roomprofessionalservice", "pk": 15, "fields": {"profesional_service": 2, "room": 5}}, {"model": "rooms.roomprofessionalservice", "pk": 16, "fields": {"profesional_service": 2, "room": 6}}, {"model": "rooms.roomprofessionalservice", "pk": 17, "fields": {"profesional_service": 2, "room": 7}}, {"model": "rooms.roomprofessionalservice", "pk": 18, "fields": {"profesional_service": 2, "room": 8}}, {"model": "rooms.roomprofessionalservice", "pk": 19, "fields": {"profesional_service": 2, "room": 9}}, {"model": "rooms.roomprofessionalservice", "pk": 20, "fields": {"profesional_service": 2, "room": 10}}, {"model": "rooms.roomprofessionalservice", "pk": 21, "fields": {"profesional_service": 3, "room": 1}}, {"model": "rooms.roomprofessionalservice", "pk": 22, "fields": {"profesional_service": 3, "room": 2}}, {"model": "rooms.roomprofessionalservice", "pk": 23, "fields": {"profesional_service": 3, "room": 3}}, {"model": "rooms.roomprofessionalservice", "pk": 24, "fields": {"profesional_service": 3, "room": 4}}, {"model": "rooms.roomprofessionalservice", "pk": 25, "fields": {"profesional_service": 3, "room": 5}}, {"model": "rooms.roomprofessionalservice", "pk": 26, "fields": {"profesional_service": 3, "room": 6}}, {"model": "rooms.roomprofessionalservice", "pk": 27, "fields": {"profesional_service": 3, "room": 7}}, {"model": "rooms.roomprofessionalservice", "pk": 28, "fields": {"profesional_service": 3, "room": 8}}, {"model": "rooms.roomprofessionalservice", "pk": 29, "fields": {"profesional_service": 3, "room": 9}}, {"model": "rooms.roomprofessionalservice", "pk": 30, "fields": {"profesional_service": 3, "room": 10}}, {"model": "rooms.roomprofessionalservice", "pk": 31, "fields": {"profesional_service": 4, "room": 1}}, {"model": "rooms.roomprofessionalservice", "pk": 32, "fields": {"profesional_service": 4, "room": 2}}, {"model": "rooms.roomprofessionalservice", "pk": 33, "fields": {"profesional_service": 4, "room": 3}}, {"model": "rooms.roomprofessionalservice", "pk": 34, "fields": {"profesional_service": 4, "room": 4}}, {"model": "rooms.roomprofessionalservice", "pk": 35, "fields": {"profesional_service": 4, "room": 5}}, {"model": "rooms.roomprofessionalservice", "pk": 36, "fields": {"profesional_service": 4, "room": 6}}, {"model": "rooms.roomprofessionalservice", "pk": 37, "fields": {"profesional_service": 4, "room": 7}}, {"model": "rooms.roomprofessionalservice", "pk": 38, "fields": {"profesional_service": 4, "room": 8}}, {"model": "rooms.roomprofessionalservice", "pk": 39, "fields": {"profesional_service": 4, "room": 9}}, {"model": "rooms.roomprofessionalservice", "pk": 40, "fields": {"profesional_service": 4, "room": 10}}, {"model": "rooms.roomprofessionalservice", "pk": 41, "fields": {"profesional_service": 5, "room": 1}}, {"model": "rooms.roomprofessionalservice", "pk": 42, "fields": {"profesional_service": 5, "room": 2}}, {"model": "rooms.roomprofessionalservice", "pk": 43, "fields": {"profesional_service": 5, "room": 3}}, {"model": "rooms.roomprofessionalservice", "pk": 44, "fields": {"profesional_service": 5, "room": 4}}, {"model": "rooms.roomprofessionalservice", "pk": 45, "fields": {"profesional_service": 5, "room": 5}}, {"model": "rooms.roomprofessionalservice", "pk": 46, "fields": {"profesional_service": 5, "room": 6}}, {"model": "rooms.roomprofessionalservice", "pk": 47, "fields": {"profesional_service": 5, "room": 7}}, {"model": "rooms.roomprofessionalservice", "pk": 48, "fields": {"profesional_service": 5, "room": 8}}, {"model": "rooms.roomprofessionalservice", "pk": 49, "fields": {"profesional_service": 5, "room": 9}}, {"model": "rooms.roomprofessionalservice", "pk": 50, "fields": {"profesional_service": 5, "room": 10}}, {"model": "rooms.roomprofessionalservice", "pk": 51, "fields": {"profesional_service": 6, "room": 1}}, {"model": "rooms.roomprofessionalservice", "pk": 52, "fields": {"profesional_service": 6, "room": 2}}, {"model": "rooms.roomprofessionalservice", "pk": 53, "fields": {"profesional_service": 6, "room": 3}}, {"model": "rooms.roomprofessionalservice", "pk": 54, "fields": {"profesional_service": 6, "room": 4}}, {"model": "rooms.roomprofessionalservice", "pk": 55, "fields": {"profesional_service": 6, "room": 5}}, {"model": "rooms.roomprofessionalservice", "pk": 56, "fields": {"profesional_service": 6, "room": 6}}, {"model": "rooms.roomprofessionalservice", "pk": 57, "fields": {"profesional_service": 6, "room": 7}}, {"model": "rooms.roomprofessionalservice", "pk": 58, "fields": {"profesional_service": 6, "room": 8}}, {"model": "rooms.roomprofessionalservice", "pk": 59, "fields": {"profesional_service": 6, "room": 9}}, {"model": "rooms.roomprofessionalservice", "pk": 60, "fields": {"profesional_service": 6, "room": 10}}, {"model": "rooms.roomprofessionalservice", "pk": 61, "fields": {"profesional_service": 7, "room": 1}}, {"model": "rooms.roomprofessionalservice", "pk": 62, "fields": {"profesional_service": 7, "room": 2}}, {"model": "rooms.roomprofessionalservice", "pk": 63, "fields": {"profesional_service": 7, "room": 3}}, {"model": "rooms.roomprofessionalservice", "pk": 64, "fields": {"profesional_service": 7, "room": 4}}, {"model": "rooms.roomprofessionalservice", "pk": 65, "fields": {"profesional_service": 7, "room": 5}}, {"model": "rooms.roomprofessionalservice", "pk": 66, "fields": {"profesional_service": 7, "room": 6}}, {"model": "rooms.roomprofessionalservice", "pk": 67, "fields": {"profesional_service": 7, "room": 7}}, {"model": "rooms.roomprofessionalservice", "pk": 68, "fields": {"profesional_service": 7, "room": 8}}, {"model": "rooms.roomprofessionalservice", "pk": 69, "fields": {"profesional_service": 7, "room": 9}}, {"model": "rooms.roomprofessionalservice", "pk": 70, "fields": {"profesional_service": 7, "room": 10}}, {"model": "rooms.roomprofessionalservice", "pk": 71, "fields": {"profesional_service": 8, "room": 1}}, {"model": "rooms.roomprofessionalservice", "pk": 72, "fields": {"profesional_service": 8, "room": 2}}, {"model": "rooms.roomprofessionalservice", "pk": 73, "fields": {"profesional_service": 8, "room": 3}}, {"model": "rooms.roomprofessionalservice", "pk": 74, "fields": {"profesional_service": 8, "room": 4}}, {"model": "rooms.roomprofessionalservice", "pk": 75, "fields": {"profesional_service": 8, "room": 5}}, {"model": "rooms.roomprofessionalservice", "pk": 76, "fields": {"profesional_service": 8, "room": 6}}, {"model": "rooms.roomprofessionalservice", "pk": 77, "fields": {"profesional_service": 8, "room": 7}}, {"model": "rooms.roomprofessionalservice", "pk": 78, "fields": {"profesional_service": 8, "room": 8}}, {"model": "rooms.roomprofessionalservice", "pk": 79, "fields": {"profesional_service": 8, "room": 9}}, {"model": "rooms.roomprofessionalservice", "pk": 80, "fields": {"profesional_service": 8, "room": 10}}, {"model": "rooms.roomprofessionalservice", "pk": 81, "fields": {"profesional_service": 9, "room": 1}}, {"model": "rooms.roomprofessionalservice", "pk": 82, "fields": {"profesional_service": 9, "room": 2}}, {"model": "rooms.roomprofessionalservice", "pk": 83, "fields": {"profesional_service": 9, "room": 3}}, {"model": "rooms.roomprofessionalservice", "pk": 84, "fields": {"profesional_service": 9, "room": 4}}, {"model": "rooms.roomprofessionalservice", "pk": 85, "fields": {"profesional_service": 9, "room": 5}}, {"model": "rooms.roomprofessionalservice", "pk": 86, "fields": {"profesional_service": 9, "room": 6}}, {"model": "rooms.roomprofessionalservice", "pk": 87, "fields": {"profesional_service": 9, "room": 7}}, {"model": "rooms.roomprofessionalservice", "pk": 88, "fields": {"profesional_service": 9, "room": 8}}, {"model": "rooms.roomprofessionalservice", "pk": 89, "fields": {"profesional_service": 9, "room": 9}}, {"model": "rooms.roomprofessionalservice", "pk": 90, "fields": {"profesional_service": 9, "room": 10}}, {"model": "rooms.roomprofessionalservice", "pk": 91, "fields": {"profesional_service": 10, "room": 1}}, {"model": "rooms.roomprofessionalservice", "pk": 92, "fields": {"profesional_service": 10, "room": 2}}, {"model": "rooms.roomprofessionalservice", "pk": 93, "fields": {"profesional_service": 10, "room": 3}}, {"model": "rooms.roomprofessionalservice", "pk": 94, "fields": {"profesional_service": 10, "room": 4}}, {"model": "rooms.roomprofessionalservice", "pk": 95, "fields": {"profesional_service": 10, "room": 5}}, {"model": "rooms.roomprofessionalservice", "pk": 96, "fields": {"profesional_service": 10, "room": 6}}, {"model": "rooms.roomprofessionalservice", "pk": 97, "fields": {"profesional_service": 10, "room": 7}}, {"model": "rooms.roomprofessionalservice", "pk": 98, "fields": {"profesional_service": 10, "room": 8}}, {"model": "rooms.roomprofessionalservice", "pk": 99, "fields": {"profesional_service": 10, "room": 9}}, {"model": "rooms.roomprofessionalservice", "pk": 100, "fields": {"profesional_service": 10, "room": 10}}, {"model": "rooms.roomprofessionalservice", "pk": 101, "fields": {"profesional_service": 11, "room": 1}}, {"model": "rooms.roomprofessionalservice", "pk": 102, "fields": {"profesional_service": 11, "room": 2}}, {"model": "rooms.roomprofessionalservice", "pk": 103, "fields": {"profesional_service": 11, "room": 3}}, {"model": "rooms.roomprofessionalservice", "pk": 104, "fields": {"profesional_service": 11, "room": 4}}, {"model": "rooms.roomprofessionalservice", "pk": 105, "fields": {"profesional_service": 11, "room": 5}}, {"model": "rooms.roomprofessionalservice", "pk": 106, "fields": {"profesional_service": 11, "room": 6}}, {"model": "rooms.roomprofessionalservice", "pk": 107, "fields": {"profesional_service": 11, "room": 7}}, {"model": "rooms.roomprofessionalservice", "pk": 108, "fields": {"profesional_service": 11, "room": 8}}, {"model": "rooms.roomprofessionalservice", "pk": 109, "fields": {"profesional_service": 11, "room": 9}}, {"model": "rooms.roomprofessionalservice", "pk": 110, "fields": {"profesional_service": 11, "room": 10}}, {"model": "rooms.roomprofessionalservice", "pk": 111, "fields": {"profesional_service": 12, "room": 1}}, {"model": "rooms.roomprofessionalservice", "pk": 112, "fields": {"profesional_service": 12, "room": 2}}, {"model": "rooms.roomprofessionalservice", "pk": 113, "fields": {"profesional_service": 12, "room": 3}}, {"model": "rooms.roomprofessionalservice", "pk": 114, "fields": {"profesional_service": 12, "room": 4}}, {"model": "rooms.roomprofessionalservice", "pk": 115, "fields": {"profesional_service": 12, "room": 5}}, {"model": "rooms.roomprofessionalservice", "pk": 116, "fields": {"profesional_service": 12, "room": 6}}, {"model": "rooms.roomprofessionalservice", "pk": 117, "fields": {"profesional_service": 12, "room": 7}}, {"model": "rooms.roomprofessionalservice", "pk": 118, "fields": {"profesional_service": 12, "room": 8}}, {"model": "rooms.roomprofessionalservice", "pk": 119, "fields": {"profesional_service": 12, "room": 9}}, {"model": "rooms.roomprofessionalservice", "pk": 120, "fields": {"profesional_service": 12, "room": 10}}, {"model": "rooms.roomprofessionalservice", "pk": 121, "fields": {"profesional_service": 13, "room": 1}}, {"model": "rooms.roomprofessionalservice", "pk": 122, "fields": {"profesional_service": 13, "room": 2}}, {"model": "rooms.roomprofessionalservice", "pk": 123, "fields": {"profesional_service": 13, "room": 3}}, {"model": "rooms.roomprofessionalservice", "pk": 124, "fields": {"profesional_service": 13, "room": 4}}, {"model": "rooms.roomprofessionalservice", "pk": 125, "fields": {"profesional_service": 13, "room": 5}}, {"model": "rooms.roomprofessionalservice", "pk": 126, "fields": {"profesional_service": 13, "room": 6}}, {"model": "rooms.roomprofessionalservice", "pk": 127, "fields": {"profesional_service": 13, "room": 7}}, {"model": "rooms.roomprofessionalservice", "pk": 128, "fields": {"profesional_service": 13, "room": 8}}, {"model": "rooms.roomprofessionalservice", "pk": 129, "fields": {"profesional_service": 13, "room": 9}}, {"model": "rooms.roomprofessionalservice", "pk": 130, "fields": {"profesional_service": 13, "room": 10}}, {"model": "rooms.roomprofessionalservice", "pk": 131, "fields": {"profesional_service": 14, "room": 1}}, {"model": "rooms.roomprofessionalservice", "pk": 132, "fields": {"profesional_service": 14, "room": 2}}, {"model": "rooms.roomprofessionalservice", "pk": 133, "fields": {"profesional_service": 14, "room": 3}}, {"model": "rooms.roomprofessionalservice", "pk": 134, "fields": {"profesional_service": 14, "room": 4}}, {"model": "rooms.roomprofessionalservice", "pk": 135, "fields": {"profesional_service": 14, "room": 5}}, {"model": "rooms.roomprofessionalservice", "pk": 136, "fields": {"profesional_service": 14, "room": 6}}, {"model": "rooms.roomprofessionalservice", "pk": 137, "fields": {"profesional_service": 14, "room": 7}}, {"model": "rooms.roomprofessionalservice", "pk": 138, "fields": {"profesional_service": 14, "room": 8}}, {"model": "rooms.roomprofessionalservice", "pk": 139, "fields": {"profesional_service": 14, "room": 9}}, {"model": "rooms.roomprofessionalservice", "pk": 140, "fields": {"profesional_service": 14, "room": 10}}, {"model": "rooms.roomprofessionalservice", "pk": 141, "fields": {"profesional_service": 15, "room": 1}}, {"model": "rooms.roomprofessionalservice", "pk": 142, "fields": {"profesional_service": 15, "room": 2}}, {"model": "rooms.roomprofessionalservice", "pk": 143, "fields": {"profesional_service": 15, "room": 3}}, {"model": "rooms.roomprofessionalservice", "pk": 144, "fields": {"profesional_service": 15, "room": 4}}, {"model": "rooms.roomprofessionalservice", "pk": 145, "fields": {"profesional_service": 15, "room": 5}}, {"model": "rooms.roomprofessionalservice", "pk": 146, "fields": {"profesional_service": 15, "room": 6}}, {"model": "rooms.roomprofessionalservice", "pk": 147, "fields": {"profesional_service": 15, "room": 7}}, {"model": "rooms.roomprofessionalservice", "pk": 148, "fields": {"profesional_service": 15, "room": 8}}, {"model": "rooms.roomprofessionalservice", "pk": 149, "fields": {"profesional_service": 15, "room": 9}}, {"model": "rooms.roomprofessionalservice", "pk": 150, "fields": {"profesional_service": 15, "room": 10}}, {"model": "rooms.roomprofessionalservice", "pk": 151, "fields": {"profesional_service": 16, "room": 1}}, {"model": "rooms.roomprofessionalservice", "pk": 152, "fields": {"profesional_service": 16, "room": 2}}, {"model": "rooms.roomprofessionalservice", "pk": 153, "fields": {"profesional_service": 16, "room": 3}}, {"model": "rooms.roomprofessionalservice", "pk": 154, "fields": {"profesional_service": 16, "room": 4}}, {"model": "rooms.roomprofessionalservice", "pk": 155, "fields": {"profesional_service": 16, "room": 5}}, {"model": "rooms.roomprofessionalservice", "pk": 156, "fields": {"profesional_service": 16, "room": 6}}, {"model": "rooms.roomprofessionalservice", "pk": 157, "fields": {"profesional_service": 16, "room": 7}}, {"model": "rooms.roomprofessionalservice", "pk": 158, "fields": {"profesional_service": 16, "room": 8}}, {"model": "rooms.roomprofessionalservice", "pk": 159, "fields": {"profesional_service": 16, "room": 9}}, {"model": "rooms.roomprofessionalservice", "pk": 160, "fields": {"profesional_service": 16, "room": 10}}, {"model": "rooms.roomprofessionalservice", "pk": 161, "fields": {"profesional_service": 17, "room": 1}}, {"model": "rooms.roomprofessionalservice", "pk": 162, "fields": {"profesional_service": 17, "room": 2}}, {"model": "rooms.roomprofessionalservice", "pk": 163, "fields": {"profesional_service": 17, "room": 3}}, {"model": "rooms.roomprofessionalservice", "pk": 164, "fields": {"profesional_service": 17, "room": 4}}, {"model": "rooms.roomprofessionalservice", "pk": 165, "fields": {"profesional_service": 17, "room": 5}}, {"model": "rooms.roomprofessionalservice", "pk": 166, "fields": {"profesional_service": 17, "room": 6}}, {"model": "rooms.roomprofessionalservice", "pk": 167, "fields": {"profesional_service": 17, "room": 7}}, {"model": "rooms.roomprofessionalservice", "pk": 168, "fields": {"profesional_service": 17, "room": 8}}, {"model": "rooms.roomprofessionalservice", "pk": 169, "fields": {"profesional_service": 17, "room": 9}}, {"model": "rooms.roomprofessionalservice", "pk": 170, "fields": {"profesional_service": 17, "room": 10}}, {"model": "rooms.roomprofessionalservice", "pk": 171, "fields": {"profesional_service": 18, "room": 1}}, {"model": "rooms.roomprofessionalservice", "pk": 172, "fields": {"profesional_service": 18, "room": 2}}, {"model": "rooms.roomprofessionalservice", "pk": 173, "fields": {"profesional_service": 18, "room": 3}}, {"model": "rooms.roomprofessionalservice", "pk": 174, "fields": {"profesional_service": 18, "room": 4}}, {"model": "rooms.roomprofessionalservice", "pk": 175, "fields": {"profesional_service": 18, "room": 5}}, {"model": "rooms.roomprofessionalservice", "pk": 176, "fields": {"profesional_service": 18, "room": 6}}, {"model": "rooms.roomprofessionalservice", "pk": 177, "fields": {"profesional_service": 18, "room": 7}}, {"model": "rooms.roomprofessionalservice", "pk": 178, "fields": {"profesional_service": 18, "room": 8}}, {"model": "rooms.roomprofessionalservice", "pk": 179, "fields": {"profesional_service": 18, "room": 9}}, {"model": "rooms.roomprofessionalservice", "pk": 180, "fields": {"profesional_service": 18, "room": 10}}, {"model": "rooms.roomprofessionalservice", "pk": 181, "fields": {"profesional_service": 19, "room": 1}}, {"model": "rooms.roomprofessionalservice", "pk": 182, "fields": {"profesional_service": 19, "room": 2}}, {"model": "rooms.roomprofessionalservice", "pk": 183, "fields": {"profesional_service": 19, "room": 3}}, {"model": "rooms.roomprofessionalservice", "pk": 184, "fields": {"profesional_service": 19, "room": 4}}, {"model": "rooms.roomprofessionalservice", "pk": 185, "fields": {"profesional_service": 19, "room": 5}}, {"model": "rooms.roomprofessionalservice", "pk": 186, "fields": {"profesional_service": 19, "room": 6}}, {"model": "rooms.roomprofessionalservice", "pk": 187, "fields": {"profesional_service": 19, "room": 7}}, {"model": "rooms.roomprofessionalservice", "pk": 188, "fields": {"profesional_service": 19, "room": 8}}, {"model": "rooms.roomprofessionalservice", "pk": 189, "fields": {"profesional_service": 19, "room": 9}}, {"model": "rooms.roomprofessionalservice", "pk": 190, "fields": {"profesional_service": 19, "room": 10}}, {"model": "rooms.roomprofessionalservice", "pk": 191, "fields": {"profesional_service": 20, "room": 1}}, {"model": "rooms.roomprofessionalservice", "pk": 192, "fields": {"profesional_service": 20, "room": 2}}, {"model": "rooms.roomprofessionalservice", "pk": 193, "fields": {"profesional_service": 20, "room": 3}}, {"model": "rooms.roomprofessionalservice", "pk": 194, "fields": {"profesional_service": 20, "room": 4}}, {"model": "rooms.roomprofessionalservice", "pk": 195, "fields": {"profesional_service": 20, "room": 5}}, {"model": "rooms.roomprofessionalservice", "pk": 196, "fields": {"profesional_service": 20, "room": 6}}, {"model": "rooms.roomprofessionalservice", "pk": 197, "fields": {"profesional_service": 20, "room": 7}}, {"model": "rooms.roomprofessionalservice", "pk": 198, "fields": {"profesional_service": 20, "room": 8}}, {"model": "rooms.roomprofessionalservice", "pk": 199, "fields": {"profesional_service": 20, "room": 9}}, {"model": "rooms.roomprofessionalservice", "pk": 200, "fields": {"profesional_service": 20, "room": 10}}, {"model": "rooms.roomprofessionalservice", "pk": 201, "fields": {"profesional_service": 21, "room": 1}}, {"model": "rooms.roomprofessionalservice", "pk": 202, "fields": {"profesional_service": 21, "room": 2}}, {"model": "rooms.roomprofessionalservice", "pk": 203, "fields": {"profesional_service": 21, "room": 3}}, {"model": "rooms.roomprofessionalservice", "pk": 204, "fields": {"profesional_service": 21, "room": 4}}, {"model": "rooms.roomprofessionalservice", "pk": 205, "fields": {"profesional_service": 21, "room": 5}}, {"model": "rooms.roomprofessionalservice", "pk": 206, "fields": {"profesional_service": 21, "room": 6}}, {"model": "rooms.roomprofessionalservice", "pk": 207, "fields": {"profesional_service": 21, "room": 7}}, {"model": "rooms.roomprofessionalservice", "pk": 208, "fields": {"profesional_service": 21, "room": 8}}, {"model": "rooms.roomprofessionalservice", "pk": 209, "fields": {"profesional_service": 21, "room": 9}}, {"model": "rooms.roomprofessionalservice", "pk": 210, "fields": {"profesional_service": 21, "room": 10}}, {"model": "rooms.roomprofessionalservice", "pk": 211, "fields": {"profesional_service": 22, "room": 1}}, {"model": "rooms.roomprofessionalservice", "pk": 212, "fields": {"profesional_service": 22, "room": 2}}, {"model": "rooms.roomprofessionalservice", "pk": 213, "fields": {"profesional_service": 22, "room": 3}}, {"model": "rooms.roomprofessionalservice", "pk": 214, "fields": {"profesional_service": 22, "room": 4}}, {"model": "rooms.roomprofessionalservice", "pk": 215, "fields": {"profesional_service": 22, "room": 5}}, {"model": "rooms.roomprofessionalservice", "pk": 216, "fields": {"profesional_service": 22, "room": 6}}, {"model": "rooms.roomprofessionalservice", "pk": 217, "fields": {"profesional_service": 22, "room": 7}}, {"model": "rooms.roomprofessionalservice", "pk": 218, "fields": {"profesional_service": 22, "room": 8}}, {"model": "rooms.roomprofessionalservice", "pk": 219, "fields": {"profesional_service": 22, "room": 9}}, {"model": "rooms.roomprofessionalservice", "pk": 220, "fields": {"profesional_service": 22, "room": 10}}, {"model": "rooms.roomprofessionalservice", "pk": 221, "fields": {"profesional_service": 23, "room": 1}}, {"model": "rooms.roomprofessionalservice", "pk": 222, "fields": {"profesional_service": 23, "room": 2}}, {"model": "rooms.roomprofessionalservice", "pk": 223, "fields": {"profesional_service": 23, "room": 3}}, {"model": "rooms.roomprofessionalservice", "pk": 224, "fields": {"profesional_service": 23, "room": 4}}, {"model": "rooms.roomprofessionalservice", "pk": 225, "fields": {"profesional_service": 23, "room": 5}}, {"model": "rooms.roomprofessionalservice", "pk": 226, "fields": {"profesional_service": 23, "room": 6}}, {"model": "rooms.roomprofessionalservice", "pk": 227, "fields": {"profesional_service": 23, "room": 7}}, {"model": "rooms.roomprofessionalservice", "pk": 228, "fields": {"profesional_service": 23, "room": 8}}, {"model": "rooms.roomprofessionalservice", "pk": 229, "fields": {"profesional_service": 23, "room": 9}}, {"model": "rooms.roomprofessionalservice", "pk": 230, "fields": {"profesional_service": 23, "room": 10}}, {"model": "rooms.roomprofessionalservice", "pk": 231, "fields": {"profesional_service": 24, "room": 1}}, {"model": "rooms.roomprofessionalservice", "pk": 232, "fields": {"profesional_service": 24, "room": 2}}, {"model": "rooms.roomprofessionalservice", "pk": 233, "fields": {"profesional_service": 24, "room": 3}}, {"model": "rooms.roomprofessionalservice", "pk": 234, "fields": {"profesional_service": 24, "room": 4}}, {"model": "rooms.roomprofessionalservice", "pk": 235, "fields": {"profesional_service": 24, "room": 5}}, {"model": "rooms.roomprofessionalservice", "pk": 236, "fields": {"profesional_service": 24, "room": 6}}, {"model": "rooms.roomprofessionalservice", "pk": 237, "fields": {"profesional_service": 24, "room": 7}}, {"model": "rooms.roomprofessionalservice", "pk": 238, "fields": {"profesional_service": 24, "room": 8}}, {"model": "rooms.roomprofessionalservice", "pk": 239, "fields": {"profesional_service": 24, "room": 9}}, {"model": "rooms.roomprofessionalservice", "pk": 240, "fields": {"profesional_service": 24, "room": 10}}, {"model": "rooms.roomprofessionalservice", "pk": 241, "fields": {"profesional_service": 25, "room": 1}}, {"model": "rooms.roomprofessionalservice", "pk": 242, "fields": {"profesional_service": 25, "room": 2}}, {"model": "rooms.roomprofessionalservice", "pk": 243, "fields": {"profesional_service": 25, "room": 3}}, {"model": "rooms.roomprofessionalservice", "pk": 244, "fields": {"profesional_service": 25, "room": 4}}, {"model": "rooms.roomprofessionalservice", "pk": 245, "fields": {"profesional_service": 25, "room": 5}}, {"model": "rooms.roomprofessionalservice", "pk": 246, "fields": {"profesional_service": 25, "room": 6}}, {"model": "rooms.roomprofessionalservice", "pk": 247, "fields": {"profesional_service": 25, "room": 7}}, {"model": "rooms.roomprofessionalservice", "pk": 248, "fields": {"profesional_service": 25, "room": 8}}, {"model": "rooms.roomprofessionalservice", "pk": 249, "fields": {"profesional_service": 25, "room": 9}}, {"model": "rooms.roomprofessionalservice", "pk": 250, "fields": {"profesional_service": 25, "room": 10}}, {"model": "rooms.roomprofessionalservice", "pk": 251, "fields": {"profesional_service": 26, "room": 1}}, {"model": "rooms.roomprofessionalservice", "pk": 252, "fields": {"profesional_service": 26, "room": 2}}, {"model": "rooms.roomprofessionalservice", "pk": 253, "fields": {"profesional_service": 26, "room": 3}}, {"model": "rooms.roomprofessionalservice", "pk": 254, "fields": {"profesional_service": 26, "room": 4}}, {"model": "rooms.roomprofessionalservice", "pk": 255, "fields": {"profesional_service": 26, "room": 5}}, {"model": "rooms.roomprofessionalservice", "pk": 256, "fields": {"profesional_service": 26, "room": 6}}, {"model": "rooms.roomprofessionalservice", "pk": 257, "fields": {"profesional_service": 26, "room": 7}}, {"model": "rooms.roomprofessionalservice", "pk": 258, "fields": {"profesional_service": 26, "room": 8}}, {"model": "rooms.roomprofessionalservice", "pk": 259, "fields": {"profesional_service": 26, "room": 9}}, {"model": "rooms.roomprofessionalservice", "pk": 260, "fields": {"profesional_service": 26, "room": 10}}, {"model": "rooms.roomprofessionalservice", "pk": 261, "fields": {"profesional_service": 27, "room": 1}}, {"model": "rooms.roomprofessionalservice", "pk": 262, "fields": {"profesional_service": 27, "room": 2}}, {"model": "rooms.roomprofessionalservice", "pk": 263, "fields": {"profesional_service": 27, "room": 3}}, {"model": "rooms.roomprofessionalservice", "pk": 264, "fields": {"profesional_service": 27, "room": 4}}, {"model": "rooms.roomprofessionalservice", "pk": 265, "fields": {"profesional_service": 27, "room": 5}}, {"model": "rooms.roomprofessionalservice", "pk": 266, "fields": {"profesional_service": 27, "room": 6}}, {"model": "rooms.roomprofessionalservice", "pk": 267, "fields": {"profesional_service": 27, "room": 7}}, {"model": "rooms.roomprofessionalservice", "pk": 268, "fields": {"profesional_service": 27, "room": 8}}, {"model": "rooms.roomprofessionalservice", "pk": 269, "fields": {"profesional_service": 27, "room": 9}}, {"model": "rooms.roomprofessionalservice", "pk": 270, "fields": {"profesional_service": 27, "room": 10}}, {"model": "rooms.roomprofessionalservice", "pk": 271, "fields": {"profesional_service": 28, "room": 1}}, {"model": "rooms.roomprofessionalservice", "pk": 272, "fields": {"profesional_service": 28, "room": 2}}, {"model": "rooms.roomprofessionalservice", "pk": 273, "fields": {"profesional_service": 28, "room": 3}}, {"model": "rooms.roomprofessionalservice", "pk": 274, "fields": {"profesional_service": 28, "room": 4}}, {"model": "rooms.roomprofessionalservice", "pk": 275, "fields": {"profesional_service": 28, "room": 5}}, {"model": "rooms.roomprofessionalservice", "pk": 276, "fields": {"profesional_service": 28, "room": 6}}, {"model": "rooms.roomprofessionalservice", "pk": 277, "fields": {"profesional_service": 28, "room": 7}}, {"model": "rooms.roomprofessionalservice", "pk": 278, "fields": {"profesional_service": 28, "room": 8}}, {"model": "rooms.roomprofessionalservice", "pk": 279, "fields": {"profesional_service": 28, "room": 9}}, {"model": "rooms.roomprofessionalservice", "pk": 280, "fields": {"profesional_service": 28, "room": 10}}, {"model": "rooms.roomprofessionalservice", "pk": 281, "fields": {"profesional_service": 29, "room": 1}}, {"model": "rooms.roomprofessionalservice", "pk": 282, "fields": {"profesional_service": 29, "room": 2}}, {"model": "rooms.roomprofessionalservice", "pk": 283, "fields": {"profesional_service": 29, "room": 3}}, {"model": "rooms.roomprofessionalservice", "pk": 284, "fields": {"profesional_service": 29, "room": 4}}, {"model": "rooms.roomprofessionalservice", "pk": 285, "fields": {"profesional_service": 29, "room": 5}}, {"model": "rooms.roomprofessionalservice", "pk": 286, "fields": {"profesional_service": 29, "room": 6}}, {"model": "rooms.roomprofessionalservice", "pk": 287, "fields": {"profesional_service": 29, "room": 7}}, {"model": "rooms.roomprofessionalservice", "pk": 288, "fields": {"profesional_service": 29, "room": 8}}, {"model": "rooms.roomprofessionalservice", "pk": 289, "fields": {"profesional_service": 29, "room": 9}}, {"model": "rooms.roomprofessionalservice", "pk": 290, "fields": {"profesional_service": 29, "room": 10}}, {"model": "rooms.roomprofessionalservice", "pk": 291, "fields": {"profesional_service": 30, "room": 1}}, {"model": "rooms.roomprofessionalservice", "pk": 292, "fields": {"profesional_service": 30, "room": 2}}, {"model": "rooms.roomprofessionalservice", "pk": 293, "fields": {"profesional_service": 30, "room": 3}}, {"model": "rooms.roomprofessionalservice", "pk": 294, "fields": {"profesional_service": 30, "room": 4}}, {"model": "rooms.roomprofessionalservice", "pk": 295, "fields": {"profesional_service": 30, "room": 5}}, {"model": "rooms.roomprofessionalservice", "pk": 296, "fields": {"profesional_service": 30, "room": 6}}, {"model": "rooms.roomprofessionalservice", "pk": 297, "fields": {"profesional_service": 30, "room": 7}}, {"model": "rooms.roomprofessionalservice", "pk": 298, "fields": {"profesional_service": 30, "room": 8}}, {"model": "rooms.roomprofessionalservice", "pk": 299, "fields": {"profesional_service": 30, "room": 9}}, {"model": "rooms.roomprofessionalservice", "pk": 300, "fields": {"profesional_service": 30, "room": 10}}, {"model": "rooms.roomprofessionalservice", "pk": 301, "fields": {"profesional_service": 31, "room": 1}}, {"model": "rooms.roomprofessionalservice", "pk": 302, "fields": {"profesional_service": 31, "room": 2}}, {"model": "rooms.roomprofessionalservice", "pk": 303, "fields": {"profesional_service": 31, "room": 3}}, {"model": "rooms.roomprofessionalservice", "pk": 304, "fields": {"profesional_service": 31, "room": 4}}, {"model": "rooms.roomprofessionalservice", "pk": 305, "fields": {"profesional_service": 31, "room": 5}}, {"model": "rooms.roomprofessionalservice", "pk": 306, "fields": {"profesional_service": 31, "room": 6}}, {"model": "rooms.roomprofessionalservice", "pk": 307, "fields": {"profesional_service": 31, "room": 7}}, {"model": "rooms.roomprofessionalservice", "pk": 308, "fields": {"profesional_service": 31, "room": 8}}, {"model": "rooms.roomprofessionalservice", "pk": 309, "fields": {"profesional_service": 31, "room": 9}}, {"model": "rooms.roomprofessionalservice", "pk": 310, "fields": {"profesional_service": 31, "room": 10}}, {"model": "rooms.roomprofessionalservice", "pk": 311, "fields": {"profesional_service": 32, "room": 1}}, {"model": "rooms.roomprofessionalservice", "pk": 312, "fields": {"profesional_service": 32, "room": 2}}, {"model": "rooms.roomprofessionalservice", "pk": 313, "fields": {"profesional_service": 32, "room": 3}}, {"model": "rooms.roomprofessionalservice", "pk": 314, "fields": {"profesional_service": 32, "room": 4}}, {"model": "rooms.roomprofessionalservice", "pk": 315, "fields": {"profesional_service": 32, "room": 5}}, {"model": "rooms.roomprofessionalservice", "pk": 316, "fields": {"profesional_service": 32, "room": 6}}, {"model": "rooms.roomprofessionalservice", "pk": 317, "fields": {"profesional_service": 32, "room": 7}}, {"model": "rooms.roomprofessionalservice", "pk": 318, "fields": {"profesional_service": 32, "room": 8}}, {"model": "rooms.roomprofessionalservice", "pk": 319, "fields": {"profesional_service": 32, "room": 9}}, {"model": "rooms.roomprofessionalservice", "pk": 320, "fields": {"profesional_service": 32, "room": 10}}, {"model": "rooms.roomprofessionalservice", "pk": 321, "fields": {"profesional_service": 33, "room": 1}}, {"model": "rooms.roomprofessionalservice", "pk": 322, "fields": {"profesional_service": 33, "room": 2}}, {"model": "rooms.roomprofessionalservice", "pk": 323, "fields": {"profesional_service": 33, "room": 3}}, {"model": "rooms.roomprofessionalservice", "pk": 324, "fields": {"profesional_service": 33, "room": 4}}, {"model": "rooms.roomprofessionalservice", "pk": 325, "fields": {"profesional_service": 33, "room": 5}}, {"model": "rooms.roomprofessionalservice", "pk": 326, "fields": {"profesional_service": 33, "room": 6}}, {"model": "rooms.roomprofessionalservice", "pk": 327, "fields": {"profesional_service": 33, "room": 7}}, {"model": "rooms.roomprofessionalservice", "pk": 328, "fields": {"profesional_service": 33, "room": 8}}, {"model": "rooms.roomprofessionalservice", "pk": 329, "fields": {"profesional_service": 33, "room": 9}}, {"model": "rooms.roomprofessionalservice", "pk": 330, "fields": {"profesional_service": 33, "room": 10}}, {"model": "rooms.roomprofessionalservice", "pk": 331, "fields": {"profesional_service": 34, "room": 1}}, {"model": "rooms.roomprofessionalservice", "pk": 332, "fields": {"profesional_service": 34, "room": 2}}, {"model": "rooms.roomprofessionalservice", "pk": 333, "fields": {"profesional_service": 34, "room": 3}}, {"model": "rooms.roomprofessionalservice", "pk": 334, "fields": {"profesional_service": 34, "room": 4}}, {"model": "rooms.roomprofessionalservice", "pk": 335, "fields": {"profesional_service": 34, "room": 5}}, {"model": "rooms.roomprofessionalservice", "pk": 336, "fields": {"profesional_service": 34, "room": 6}}, {"model": "rooms.roomprofessionalservice", "pk": 337, "fields": {"profesional_service": 34, "room": 7}}, {"model": "rooms.roomprofessionalservice", "pk": 338, "fields": {"profesional_service": 34, "room": 8}}, {"model": "rooms.roomprofessionalservice", "pk": 339, "fields": {"profesional_service": 34, "room": 9}}, {"model": "rooms.roomprofessionalservice", "pk": 340, "fields": {"profesional_service": 34, "room": 10}}, {"model": "rooms.roomprofessionalservice", "pk": 341, "fields": {"profesional_service": 35, "room": 1}}, {"model": "rooms.roomprofessionalservice", "pk": 342, "fields": {"profesional_service": 35, "room": 2}}, {"model": "rooms.roomprofessionalservice", "pk": 343, "fields": {"profesional_service": 35, "room": 3}}, {"model": "rooms.roomprofessionalservice", "pk": 344, "fields": {"profesional_service": 35, "room": 4}}, {"model": "rooms.roomprofessionalservice", "pk": 345, "fields": {"profesional_service": 35, "room": 5}}, {"model": "rooms.roomprofessionalservice", "pk": 346, "fields": {"profesional_service": 35, "room": 6}}, {"model": "rooms.roomprofessionalservice", "pk": 347, "fields": {"profesional_service": 35, "room": 7}}, {"model": "rooms.roomprofessionalservice", "pk": 348, "fields": {"profesional_service": 35, "room": 8}}, {"model": "rooms.roomprofessionalservice", "pk": 349, "fields": {"profesional_service": 35, "room": 9}}, {"model": "rooms.roomprofessionalservice", "pk": 350, "fields": {"profesional_service": 35, "room": 10}}, {"model": "rooms.roomprofessionalservice", "pk": 351, "fields": {"profesional_service": 36, "room": 1}}, {"model": "rooms.roomprofessionalservice", "pk": 352, "fields": {"profesional_service": 36, "room": 2}}, {"model": "rooms.roomprofessionalservice", "pk": 353, "fields": {"profesional_service": 36, "room": 3}}, {"model": "rooms.roomprofessionalservice", "pk": 354, "fields": {"profesional_service": 36, "room": 4}}, {"model": "rooms.roomprofessionalservice", "pk": 355, "fields": {"profesional_service": 36, "room": 5}}, {"model": "rooms.roomprofessionalservice", "pk": 356, "fields": {"profesional_service": 36, "room": 6}}, {"model": "rooms.roomprofessionalservice", "pk": 357, "fields": {"profesional_service": 36, "room": 7}}, {"model": "rooms.roomprofessionalservice", "pk": 358, "fields": {"profesional_service": 36, "room": 8}}, {"model": "rooms.roomprofessionalservice", "pk": 359, "fields": {"profesional_service": 36, "room": 9}}, {"model": "rooms.roomprofessionalservice", "pk": 360, "fields": {"profesional_service": 36, "room": 10}}, {"model": "rooms.roomprofessionalservice", "pk": 361, "fields": {"profesional_service": 37, "room": 1}}, {"model": "rooms.roomprofessionalservice", "pk": 362, "fields": {"profesional_service": 37, "room": 2}}, {"model": "rooms.roomprofessionalservice", "pk": 363, "fields": {"profesional_service": 37, "room": 3}}, {"model": "rooms.roomprofessionalservice", "pk": 364, "fields": {"profesional_service": 37, "room": 4}}, {"model": "rooms.roomprofessionalservice", "pk": 365, "fields": {"profesional_service": 37, "room": 5}}, {"model": "rooms.roomprofessionalservice", "pk": 366, "fields": {"profesional_service": 37, "room": 6}}, {"model": "rooms.roomprofessionalservice", "pk": 367, "fields": {"profesional_service": 37, "room": 7}}, {"model": "rooms.roomprofessionalservice", "pk": 368, "fields": {"profesional_service": 37, "room": 8}}, {"model": "rooms.roomprofessionalservice", "pk": 369, "fields": {"profesional_service": 37, "room": 9}}, {"model": "rooms.roomprofessionalservice", "pk": 370, "fields": {"profesional_service": 37, "room": 10}}, {"model": "rooms.roomprofessionalservice", "pk": 371, "fields": {"profesional_service": 38, "room": 1}}, {"model": "rooms.roomprofessionalservice", "pk": 372, "fields": {"profesional_service": 38, "room": 2}}, {"model": "rooms.roomprofessionalservice", "pk": 373, "fields": {"profesional_service": 38, "room": 3}}, {"model": "rooms.roomprofessionalservice", "pk": 374, "fields": {"profesional_service": 38, "room": 4}}, {"model": "rooms.roomprofessionalservice", "pk": 375, "fields": {"profesional_service": 38, "room": 5}}, {"model": "rooms.roomprofessionalservice", "pk": 376, "fields": {"profesional_service": 38, "room": 6}}, {"model": "rooms.roomprofessionalservice", "pk": 377, "fields": {"profesional_service": 38, "room": 7}}, {"model": "rooms.roomprofessionalservice", "pk": 378, "fields": {"profesional_service": 38, "room": 8}}, {"model": "rooms.roomprofessionalservice", "pk": 379, "fields": {"profesional_service": 38, "room": 9}}, {"model": "rooms.roomprofessionalservice", "pk": 380, "fields": {"profesional_service": 38, "room": 10}}, {"model": "rooms.roomprofessionalservice", "pk": 381, "fields": {"profesional_service": 39, "room": 1}}, {"model": "rooms.roomprofessionalservice", "pk": 382, "fields": {"profesional_service": 39, "room": 2}}, {"model": "rooms.roomprofessionalservice", "pk": 383, "fields": {"profesional_service": 39, "room": 3}}, {"model": "rooms.roomprofessionalservice", "pk": 384, "fields": {"profesional_service": 39, "room": 4}}, {"model": "rooms.roomprofessionalservice", "pk": 385, "fields": {"profesional_service": 39, "room": 5}}, {"model": "rooms.roomprofessionalservice", "pk": 386, "fields": {"profesional_service": 39, "room": 6}}, {"model": "rooms.roomprofessionalservice", "pk": 387, "fields": {"profesional_service": 39, "room": 7}}, {"model": "rooms.roomprofessionalservice", "pk": 388, "fields": {"profesional_service": 39, "room": 8}}, {"model": "rooms.roomprofessionalservice", "pk": 389, "fields": {"profesional_service": 39, "room": 9}}, {"model": "rooms.roomprofessionalservice", "pk": 390, "fields": {"profesional_service": 39, "room": 10}}, {"model": "rooms.roomprofessionalservice", "pk": 391, "fields": {"profesional_service": 40, "room": 1}}, {"model": "rooms.roomprofessionalservice", "pk": 392, "fields": {"profesional_service": 40, "room": 2}}, {"model": "rooms.roomprofessionalservice", "pk": 393, "fields": {"profesional_service": 40, "room": 3}}, {"model": "rooms.roomprofessionalservice", "pk": 394, "fields": {"profesional_service": 40, "room": 4}}, {"model": "rooms.roomprofessionalservice", "pk": 395, "fields": {"profesional_service": 40, "room": 5}}, {"model": "rooms.roomprofessionalservice", "pk": 396, "fields": {"profesional_service": 40, "room": 6}}, {"model": "rooms.roomprofessionalservice", "pk": 397, "fields": {"profesional_service": 40, "room": 7}}, {"model": "rooms.roomprofessionalservice", "pk": 398, "fields": {"profesional_service": 40, "room": 8}}, {"model": "rooms.roomprofessionalservice", "pk": 399, "fields": {"profesional_service": 40, "room": 9}}, {"model": "rooms.roomprofessionalservice", "pk": 400, "fields": {"profesional_service": 40, "room": 10}}, {"model": "rooms.roomprofessionalservice", "pk": 401, "fields": {"profesional_service": 41, "room": 1}}, {"model": "rooms.roomprofessionalservice", "pk": 402, "fields": {"profesional_service": 41, "room": 2}}, {"model": "rooms.roomprofessionalservice", "pk": 403, "fields": {"profesional_service": 41, "room": 3}}, {"model": "rooms.roomprofessionalservice", "pk": 404, "fields": {"profesional_service": 41, "room": 4}}, {"model": "rooms.roomprofessionalservice", "pk": 405, "fields": {"profesional_service": 41, "room": 5}}, {"model": "rooms.roomprofessionalservice", "pk": 406, "fields": {"profesional_service": 41, "room": 6}}, {"model": "rooms.roomprofessionalservice", "pk": 407, "fields": {"profesional_service": 41, "room": 7}}, {"model": "rooms.roomprofessionalservice", "pk": 408, "fields": {"profesional_service": 41, "room": 8}}, {"model": "rooms.roomprofessionalservice", "pk": 409, "fields": {"profesional_service": 41, "room": 9}}, {"model": "rooms.roomprofessionalservice", "pk": 410, "fields": {"profesional_service": 41, "room": 10}}, {"model": "rooms.roomprofessionalservice", "pk": 411, "fields": {"profesional_service": 42, "room": 1}}, {"model": "rooms.roomprofessionalservice", "pk": 412, "fields": {"profesional_service": 42, "room": 2}}, {"model": "rooms.roomprofessionalservice", "pk": 413, "fields": {"profesional_service": 42, "room": 3}}, {"model": "rooms.roomprofessionalservice", "pk": 414, "fields": {"profesional_service": 42, "room": 4}}, {"model": "rooms.roomprofessionalservice", "pk": 415, "fields": {"profesional_service": 42, "room": 5}}, {"model": "rooms.roomprofessionalservice", "pk": 416, "fields": {"profesional_service": 42, "room": 6}}, {"model": "rooms.roomprofessionalservice", "pk": 417, "fields": {"profesional_service": 42, "room": 7}}, {"model": "rooms.roomprofessionalservice", "pk": 418, "fields": {"profesional_service": 42, "room": 8}}, {"model": "rooms.roomprofessionalservice", "pk": 419, "fields": {"profesional_service": 42, "room": 9}}, {"model": "rooms.roomprofessionalservice", "pk": 420, "fields": {"profesional_service": 42, "room": 10}}, {"model": "rooms.roomprofessionalservice", "pk": 421, "fields": {"profesional_service": 43, "room": 1}}, {"model": "rooms.roomprofessionalservice", "pk": 422, "fields": {"profesional_service": 43, "room": 2}}, {"model": "rooms.roomprofessionalservice", "pk": 423, "fields": {"profesional_service": 43, "room": 3}}, {"model": "rooms.roomprofessionalservice", "pk": 424, "fields": {"profesional_service": 43, "room": 4}}, {"model": "rooms.roomprofessionalservice", "pk": 425, "fields": {"profesional_service": 43, "room": 5}}, {"model": "rooms.roomprofessionalservice", "pk": 426, "fields": {"profesional_service": 43, "room": 6}}, {"model": "rooms.roomprofessionalservice", "pk": 427, "fields": {"profesional_service": 43, "room": 7}}, {"model": "rooms.roomprofessionalservice", "pk": 428, "fields": {"profesional_service": 43, "room": 8}}, {"model": "rooms.roomprofessionalservice", "pk": 429, "fields": {"profesional_service": 43, "room": 9}}, {"model": "rooms.roomprofessionalservice", "pk": 430, "fields": {"profesional_service": 43, "room": 10}}, {"model": "rooms.roomprofessionalservice", "pk": 431, "fields": {"profesional_service": 44, "room": 1}}, {"model": "rooms.roomprofessionalservice", "pk": 432, "fields": {"profesional_service": 44, "room": 2}}, {"model": "rooms.roomprofessionalservice", "pk": 433, "fields": {"profesional_service": 44, "room": 3}}, {"model": "rooms.roomprofessionalservice", "pk": 434, "fields": {"profesional_service": 44, "room": 4}}, {"model": "rooms.roomprofessionalservice", "pk": 435, "fields": {"profesional_service": 44, "room": 5}}, {"model": "rooms.roomprofessionalservice", "pk": 436, "fields": {"profesional_service": 44, "room": 6}}, {"model": "rooms.roomprofessionalservice", "pk": 437, "fields": {"profesional_service": 44, "room": 7}}, {"model": "rooms.roomprofessionalservice", "pk": 438, "fields": {"profesional_service": 44, "room": 8}}, {"model": "rooms.roomprofessionalservice", "pk": 439, "fields": {"profesional_service": 44, "room": 9}}, {"model": "rooms.roomprofessionalservice", "pk": 440, "fields": {"profesional_service": 44, "room": 10}}, {"model": "rooms.roomprofessionalservice", "pk": 441, "fields": {"profesional_service": 45, "room": 1}}, {"model": "rooms.roomprofessionalservice", "pk": 442, "fields": {"profesional_service": 45, "room": 2}}, {"model": "rooms.roomprofessionalservice", "pk": 443, "fields": {"profesional_service": 45, "room": 3}}, {"model": "rooms.roomprofessionalservice", "pk": 444, "fields": {"profesional_service": 45, "room": 4}}, {"model": "rooms.roomprofessionalservice", "pk": 445, "fields": {"profesional_service": 45, "room": 5}}, {"model": "rooms.roomprofessionalservice", "pk": 446, "fields": {"profesional_service": 45, "room": 6}}, {"model": "rooms.roomprofessionalservice", "pk": 447, "fields": {"profesional_service": 45, "room": 7}}, {"model": "rooms.roomprofessionalservice", "pk": 448, "fields": {"profesional_service": 45, "room": 8}}, {"model": "rooms.roomprofessionalservice", "pk": 449, "fields": {"profesional_service": 45, "room": 9}}, {"model": "rooms.roomprofessionalservice", "pk": 450, "fields": {"profesional_service": 45, "room": 10}}, {"model": "rooms.roomprofessionalservice", "pk": 451, "fields": {"profesional_service": 46, "room": 1}}, {"model": "rooms.roomprofessionalservice", "pk": 452, "fields": {"profesional_service": 46, "room": 2}}, {"model": "rooms.roomprofessionalservice", "pk": 453, "fields": {"profesional_service": 46, "room": 3}}, {"model": "rooms.roomprofessionalservice", "pk": 454, "fields": {"profesional_service": 46, "room": 4}}, {"model": "rooms.roomprofessionalservice", "pk": 455, "fields": {"profesional_service": 46, "room": 5}}, {"model": "rooms.roomprofessionalservice", "pk": 456, "fields": {"profesional_service": 46, "room": 6}}, {"model": "rooms.roomprofessionalservice", "pk": 457, "fields": {"profesional_service": 46, "room": 7}}, {"model": "rooms.roomprofessionalservice", "pk": 458, "fields": {"profesional_service": 46, "room": 8}}, {"model": "rooms.roomprofessionalservice", "pk": 459, "fields": {"profesional_service": 46, "room": 9}}, {"model": "rooms.roomprofessionalservice", "pk": 460, "fields": {"profesional_service": 46, "room": 10}}, {"model": "rooms.roomprofessionalservice", "pk": 461, "fields": {"profesional_service": 47, "room": 1}}, {"model": "rooms.roomprofessionalservice", "pk": 462, "fields": {"profesional_service": 47, "room": 2}}, {"model": "rooms.roomprofessionalservice", "pk": 463, "fields": {"profesional_service": 47, "room": 3}}, {"model": "rooms.roomprofessionalservice", "pk": 464, "fields": {"profesional_service": 47, "room": 4}}, {"model": "rooms.roomprofessionalservice", "pk": 465, "fields": {"profesional_service": 47, "room": 5}}, {"model": "rooms.roomprofessionalservice", "pk": 466, "fields": {"profesional_service": 47, "room": 6}}, {"model": "rooms.roomprofessionalservice", "pk": 467, "fields": {"profesional_service": 47, "room": 7}}, {"model": "rooms.roomprofessionalservice", "pk": 468, "fields": {"profesional_service": 47, "room": 8}}, {"model": "rooms.roomprofessionalservice", "pk": 469, "fields": {"profesional_service": 47, "room": 9}}, {"model": "rooms.roomprofessionalservice", "pk": 470, "fields": {"profesional_service": 47, "room": 10}}, {"model": "rooms.roomprofessionalservice", "pk": 471, "fields": {"profesional_service": 48, "room": 1}}, {"model": "rooms.roomprofessionalservice", "pk": 472, "fields": {"profesional_service": 48, "room": 2}}, {"model": "rooms.roomprofessionalservice", "pk": 473, "fields": {"profesional_service": 48, "room": 3}}, {"model": "rooms.roomprofessionalservice", "pk": 474, "fields": {"profesional_service": 48, "room": 4}}, {"model": "rooms.roomprofessionalservice", "pk": 475, "fields": {"profesional_service": 48, "room": 5}}, {"model": "rooms.roomprofessionalservice", "pk": 476, "fields": {"profesional_service": 48, "room": 6}}, {"model": "rooms.roomprofessionalservice", "pk": 477, "fields": {"profesional_service": 48, "room": 7}}, {"model": "rooms.roomprofessionalservice", "pk": 478, "fields": {"profesional_service": 48, "room": 8}}, {"model": "rooms.roomprofessionalservice", "pk": 479, "fields": {"profesional_service": 48, "room": 9}}, {"model": "rooms.roomprofessionalservice", "pk": 480, "fields": {"profesional_service": 48, "room": 10}}, {"model": "rooms.roomprofessionalservice", "pk": 481, "fields": {"profesional_service": 49, "room": 1}}, {"model": "rooms.roomprofessionalservice", "pk": 482, "fields": {"profesional_service": 49, "room": 2}}, {"model": "rooms.roomprofessionalservice", "pk": 483, "fields": {"profesional_service": 49, "room": 3}}, {"model": "rooms.roomprofessionalservice", "pk": 484, "fields": {"profesional_service": 49, "room": 4}}, {"model": "rooms.roomprofessionalservice", "pk": 485, "fields": {"profesional_service": 49, "room": 5}}, {"model": "rooms.roomprofessionalservice", "pk": 486, "fields": {"profesional_service": 49, "room": 6}}, {"model": "rooms.roomprofessionalservice", "pk": 487, "fields": {"profesional_service": 49, "room": 7}}, {"model": "rooms.roomprofessionalservice", "pk": 488, "fields": {"profesional_service": 49, "room": 8}}, {"model": "rooms.roomprofessionalservice", "pk": 489, "fields": {"profesional_service": 49, "room": 9}}, {"model": "rooms.roomprofessionalservice", "pk": 490, "fields": {"profesional_service": 49, "room": 10}}, {"model": "rooms.roomprofessionalservice", "pk": 491, "fields": {"profesional_service": 50, "room": 1}}, {"model": "rooms.roomprofessionalservice", "pk": 492, "fields": {"profesional_service": 50, "room": 2}}, {"model": "rooms.roomprofessionalservice", "pk": 493, "fields": {"profesional_service": 50, "room": 3}}, {"model": "rooms.roomprofessionalservice", "pk": 494, "fields": {"profesional_service": 50, "room": 4}}, {"model": "rooms.roomprofessionalservice", "pk": 495, "fields": {"profesional_service": 50, "room": 5}}, {"model": "rooms.roomprofessionalservice", "pk": 496, "fields": {"profesional_service": 50, "room": 6}}, {"model": "rooms.roomprofessionalservice", "pk": 497, "fields": {"profesional_service": 50, "room": 7}}, {"model": "rooms.roomprofessionalservice", "pk": 498, "fields": {"profesional_service": 50, "room": 8}}, {"model": "rooms.roomprofessionalservice", "pk": 499, "fields": {"profesional_service": 50, "room": 9}}, {"model": "rooms.roomprofessionalservice", "pk": 500, "fields": {"profesional_service": 50, "room": 10}}, {"model": "rooms.roomprofessionalservice", "pk": 501, "fields": {"profesional_service": 51, "room": 1}}, {"model": "rooms.roomprofessionalservice", "pk": 502, "fields": {"profesional_service": 51, "room": 2}}, {"model": "rooms.roomprofessionalservice", "pk": 503, "fields": {"profesional_service": 51, "room": 3}}, {"model": "rooms.roomprofessionalservice", "pk": 504, "fields": {"profesional_service": 51, "room": 4}}, {"model": "rooms.roomprofessionalservice", "pk": 505, "fields": {"profesional_service": 51, "room": 5}}, {"model": "rooms.roomprofessionalservice", "pk": 506, "fields": {"profesional_service": 51, "room": 6}}, {"model": "rooms.roomprofessionalservice", "pk": 507, "fields": {"profesional_service": 51, "room": 7}}, {"model": "rooms.roomprofessionalservice", "pk": 508, "fields": {"profesional_service": 51, "room": 8}}, {"model": "rooms.roomprofessionalservice", "pk": 509, "fields": {"profesional_service": 51, "room": 9}}, {"model": "rooms.roomprofessionalservice", "pk": 510, "fields": {"profesional_service": 51, "room": 10}}, {"model": "rooms.roomprofessionalservice", "pk": 511, "fields": {"profesional_service": 52, "room": 1}}, {"model": "rooms.roomprofessionalservice", "pk": 512, "fields": {"profesional_service": 52, "room": 2}}, {"model": "rooms.roomprofessionalservice", "pk": 513, "fields": {"profesional_service": 52, "room": 3}}, {"model": "rooms.roomprofessionalservice", "pk": 514, "fields": {"profesional_service": 52, "room": 4}}, {"model": "rooms.roomprofessionalservice", "pk": 515, "fields": {"profesional_service": 52, "room": 5}}, {"model": "rooms.roomprofessionalservice", "pk": 516, "fields": {"profesional_service": 52, "room": 6}}, {"model": "rooms.roomprofessionalservice", "pk": 517, "fields": {"profesional_service": 52, "room": 7}}, {"model": "rooms.roomprofessionalservice", "pk": 518, "fields": {"profesional_service": 52, "room": 8}}, {"model": "rooms.roomprofessionalservice", "pk": 519, "fields": {"profesional_service": 52, "room": 9}}, {"model": "rooms.roomprofessionalservice", "pk": 520, "fields": {"profesional_service": 52, "room": 10}}, {"model": "rooms.roomprofessionalservice", "pk": 521, "fields": {"profesional_service": 53, "room": 1}}, {"model": "rooms.roomprofessionalservice", "pk": 522, "fields": {"profesional_service": 53, "room": 2}}, {"model": "rooms.roomprofessionalservice", "pk": 523, "fields": {"profesional_service": 53, "room": 3}}, {"model": "rooms.roomprofessionalservice", "pk": 524, "fields": {"profesional_service": 53, "room": 4}}, {"model": "rooms.roomprofessionalservice", "pk": 525, "fields": {"profesional_service": 53, "room": 5}}, {"model": "rooms.roomprofessionalservice", "pk": 526, "fields": {"profesional_service": 53, "room": 6}}, {"model": "rooms.roomprofessionalservice", "pk": 527, "fields": {"profesional_service": 53, "room": 7}}, {"model": "rooms.roomprofessionalservice", "pk": 528, "fields": {"profesional_service": 53, "room": 8}}, {"model": "rooms.roomprofessionalservice", "pk": 529, "fields": {"profesional_service": 53, "room": 9}}, {"model": "rooms.roomprofessionalservice", "pk": 530, "fields": {"profesional_service": 53, "room": 10}}, {"model": "rooms.roomprofessionalservice", "pk": 531, "fields": {"profesional_service": 54, "room": 1}}, {"model": "rooms.roomprofessionalservice", "pk": 532, "fields": {"profesional_service": 54, "room": 2}}, {"model": "rooms.roomprofessionalservice", "pk": 533, "fields": {"profesional_service": 54, "room": 3}}, {"model": "rooms.roomprofessionalservice", "pk": 534, "fields": {"profesional_service": 54, "room": 4}}, {"model": "rooms.roomprofessionalservice", "pk": 535, "fields": {"profesional_service": 54, "room": 5}}, {"model": "rooms.roomprofessionalservice", "pk": 536, "fields": {"profesional_service": 54, "room": 6}}, {"model": "rooms.roomprofessionalservice", "pk": 537, "fields": {"profesional_service": 54, "room": 7}}, {"model": "rooms.roomprofessionalservice", "pk": 538, "fields": {"profesional_service": 54, "room": 8}}, {"model": "rooms.roomprofessionalservice", "pk": 539, "fields": {"profesional_service": 54, "room": 9}}, {"model": "rooms.roomprofessionalservice", "pk": 540, "fields": {"profesional_service": 54, "room": 10}}, {"model": "rooms.roomprofessionalservice", "pk": 541, "fields": {"profesional_service": 55, "room": 1}}, {"model": "rooms.roomprofessionalservice", "pk": 542, "fields": {"profesional_service": 55, "room": 2}}, {"model": "rooms.roomprofessionalservice", "pk": 543, "fields": {"profesional_service": 55, "room": 3}}, {"model": "rooms.roomprofessionalservice", "pk": 544, "fields": {"profesional_service": 55, "room": 4}}, {"model": "rooms.roomprofessionalservice", "pk": 545, "fields": {"profesional_service": 55, "room": 5}}, {"model": "rooms.roomprofessionalservice", "pk": 546, "fields": {"profesional_service": 55, "room": 6}}, {"model": "rooms.roomprofessionalservice", "pk": 547, "fields": {"profesional_service": 55, "room": 7}}, {"model": "rooms.roomprofessionalservice", "pk": 548, "fields": {"profesional_service": 55, "room": 8}}, {"model": "rooms.roomprofessionalservice", "pk": 549, "fields": {"profesional_service": 55, "room": 9}}, {"model": "rooms.roomprofessionalservice", "pk": 550, "fields": {"profesional_service": 55, "room": 10}}, {"model": "rooms.roomprofessionalservice", "pk": 551, "fields": {"profesional_service": 56, "room": 1}}, {"model": "rooms.roomprofessionalservice", "pk": 552, "fields": {"profesional_service": 56, "room": 2}}, {"model": "rooms.roomprofessionalservice", "pk": 553, "fields": {"profesional_service": 56, "room": 3}}, {"model": "rooms.roomprofessionalservice", "pk": 554, "fields": {"profesional_service": 56, "room": 4}}, {"model": "rooms.roomprofessionalservice", "pk": 555, "fields": {"profesional_service": 56, "room": 5}}, {"model": "rooms.roomprofessionalservice", "pk": 556, "fields": {"profesional_service": 56, "room": 6}}, {"model": "rooms.roomprofessionalservice", "pk": 557, "fields": {"profesional_service": 56, "room": 7}}, {"model": "rooms.roomprofessionalservice", "pk": 558, "fields": {"profesional_service": 56, "room": 8}}, {"model": "rooms.roomprofessionalservice", "pk": 559, "fields": {"profesional_service": 56, "room": 9}}, {"model": "rooms.roomprofessionalservice", "pk": 560, "fields": {"profesional_service": 56, "room": 10}}, {"model": "rooms.roomprofessionalservice", "pk": 561, "fields": {"profesional_service": 57, "room": 1}}, {"model": "rooms.roomprofessionalservice", "pk": 562, "fields": {"profesional_service": 57, "room": 2}}, {"model": "rooms.roomprofessionalservice", "pk": 563, "fields": {"profesional_service": 57, "room": 3}}, {"model": "rooms.roomprofessionalservice", "pk": 564, "fields": {"profesional_service": 57, "room": 4}}, {"model": "rooms.roomprofessionalservice", "pk": 565, "fields": {"profesional_service": 57, "room": 5}}, {"model": "rooms.roomprofessionalservice", "pk": 566, "fields": {"profesional_service": 57, "room": 6}}, {"model": "rooms.roomprofessionalservice", "pk": 567, "fields": {"profesional_service": 57, "room": 7}}, {"model": "rooms.roomprofessionalservice", "pk": 568, "fields": {"profesional_service": 57, "room": 8}}, {"model": "rooms.roomprofessionalservice", "pk": 569, "fields": {"profesional_service": 57, "room": 9}}, {"model": "rooms.roomprofessionalservice", "pk": 570, "fields": {"profesional_service": 57, "room": 10}}, {"model": "rooms.roomprofessionalservice", "pk": 571, "fields": {"profesional_service": 58, "room": 1}}, {"model": "rooms.roomprofessionalservice", "pk": 572, "fields": {"profesional_service": 58, "room": 2}}, {"model": "rooms.roomprofessionalservice", "pk": 573, "fields": {"profesional_service": 58, "room": 3}}, {"model": "rooms.roomprofessionalservice", "pk": 574, "fields": {"profesional_service": 58, "room": 4}}, {"model": "rooms.roomprofessionalservice", "pk": 575, "fields": {"profesional_service": 58, "room": 5}}, {"model": "rooms.roomprofessionalservice", "pk": 576, "fields": {"profesional_service": 58, "room": 6}}, {"model": "rooms.roomprofessionalservice", "pk": 577, "fields": {"profesional_service": 58, "room": 7}}, {"model": "rooms.roomprofessionalservice", "pk": 578, "fields": {"profesional_service": 58, "room": 8}}, {"model": "rooms.roomprofessionalservice", "pk": 579, "fields": {"profesional_service": 58, "room": 9}}, {"model": "rooms.roomprofessionalservice", "pk": 580, "fields": {"profesional_service": 58, "room": 10}}, {"model": "rooms.roomprofessionalservice", "pk": 581, "fields": {"profesional_service": 59, "room": 1}}, {"model": "rooms.roomprofessionalservice", "pk": 582, "fields": {"profesional_service": 59, "room": 2}}, {"model": "rooms.roomprofessionalservice", "pk": 583, "fields": {"profesional_service": 59, "room": 3}}, {"model": "rooms.roomprofessionalservice", "pk": 584, "fields": {"profesional_service": 59, "room": 4}}, {"model": "rooms.roomprofessionalservice", "pk": 585, "fields": {"profesional_service": 59, "room": 5}}, {"model": "rooms.roomprofessionalservice", "pk": 586, "fields": {"profesional_service": 59, "room": 6}}, {"model": "rooms.roomprofessionalservice", "pk": 587, "fields": {"profesional_service": 59, "room": 7}}, {"model": "rooms.roomprofessionalservice", "pk": 588, "fields": {"profesional_service": 59, "room": 8}}, {"model": "rooms.roomprofessionalservice", "pk": 589, "fields": {"profesional_service": 59, "room": 9}}, {"model": "rooms.roomprofessionalservice", "pk": 590, "fields": {"profesional_service": 59, "room": 10}}, {"model": "rooms.roomprofessionalservice", "pk": 591, "fields": {"profesional_service": 60, "room": 1}}, {"model": "rooms.roomprofessionalservice", "pk": 592, "fields": {"profesional_service": 60, "room": 2}}, {"model": "rooms.roomprofessionalservice", "pk": 593, "fields": {"profesional_service": 60, "room": 3}}, {"model": "rooms.roomprofessionalservice", "pk": 594, "fields": {"profesional_service": 60, "room": 4}}, {"model": "rooms.roomprofessionalservice", "pk": 595, "fields": {"profesional_service": 60, "room": 5}}, {"model": "rooms.roomprofessionalservice", "pk": 596, "fields": {"profesional_service": 60, "room": 6}}, {"model": "rooms.roomprofessionalservice", "pk": 597, "fields": {"profesional_service": 60, "room": 7}}, {"model": "rooms.roomprofessionalservice", "pk": 598, "fields": {"profesional_service": 60, "room": 8}}, {"model": "rooms.roomprofessionalservice", "pk": 599, "fields": {"profesional_service": 60, "room": 9}}, {"model": "rooms.roomprofessionalservice", "pk": 600, "fields": {"profesional_service": 60, "room": 10}}, {"model": "rooms.roomprofessionalservice", "pk": 601, "fields": {"profesional_service": 61, "room": 1}}, {"model": "rooms.roomprofessionalservice", "pk": 602, "fields": {"profesional_service": 61, "room": 2}}, {"model": "rooms.roomprofessionalservice", "pk": 603, "fields": {"profesional_service": 61, "room": 3}}, {"model": "rooms.roomprofessionalservice", "pk": 604, "fields": {"profesional_service": 61, "room": 4}}, {"model": "rooms.roomprofessionalservice", "pk": 605, "fields": {"profesional_service": 61, "room": 5}}, {"model": "rooms.roomprofessionalservice", "pk": 606, "fields": {"profesional_service": 61, "room": 6}}, {"model": "rooms.roomprofessionalservice", "pk": 607, "fields": {"profesional_service": 61, "room": 7}}, {"model": "rooms.roomprofessionalservice", "pk": 608, "fields": {"profesional_service": 61, "room": 8}}, {"model": "rooms.roomprofessionalservice", "pk": 609, "fields": {"profesional_service": 61, "room": 9}}, {"model": "rooms.roomprofessionalservice", "pk": 610, "fields": {"profesional_service": 61, "room": 10}}, {"model": "rooms.roomprofessionalservice", "pk": 611, "fields": {"profesional_service": 62, "room": 1}}, {"model": "rooms.roomprofessionalservice", "pk": 612, "fields": {"profesional_service": 62, "room": 2}}, {"model": "rooms.roomprofessionalservice", "pk": 613, "fields": {"profesional_service": 62, "room": 3}}, {"model": "rooms.roomprofessionalservice", "pk": 614, "fields": {"profesional_service": 62, "room": 4}}, {"model": "rooms.roomprofessionalservice", "pk": 615, "fields": {"profesional_service": 62, "room": 5}}, {"model": "rooms.roomprofessionalservice", "pk": 616, "fields": {"profesional_service": 62, "room": 6}}, {"model": "rooms.roomprofessionalservice", "pk": 617, "fields": {"profesional_service": 62, "room": 7}}, {"model": "rooms.roomprofessionalservice", "pk": 618, "fields": {"profesional_service": 62, "room": 8}}, {"model": "rooms.roomprofessionalservice", "pk": 619, "fields": {"profesional_service": 62, "room": 9}}, {"model": "rooms.roomprofessionalservice", "pk": 620, "fields": {"profesional_service": 62, "room": 10}}, {"model": "rooms.roomprofessionalservice", "pk": 621, "fields": {"profesional_service": 63, "room": 1}}, {"model": "rooms.roomprofessionalservice", "pk": 622, "fields": {"profesional_service": 63, "room": 2}}, {"model": "rooms.roomprofessionalservice", "pk": 623, "fields": {"profesional_service": 63, "room": 3}}, {"model": "rooms.roomprofessionalservice", "pk": 624, "fields": {"profesional_service": 63, "room": 4}}, {"model": "rooms.roomprofessionalservice", "pk": 625, "fields": {"profesional_service": 63, "room": 5}}, {"model": "rooms.roomprofessionalservice", "pk": 626, "fields": {"profesional_service": 63, "room": 6}}, {"model": "rooms.roomprofessionalservice", "pk": 627, "fields": {"profesional_service": 63, "room": 7}}, {"model": "rooms.roomprofessionalservice", "pk": 628, "fields": {"profesional_service": 63, "room": 8}}, {"model": "rooms.roomprofessionalservice", "pk": 629, "fields": {"profesional_service": 63, "room": 9}}, {"model": "rooms.roomprofessionalservice", "pk": 630, "fields": {"profesional_service": 63, "room": 10}}, {"model": "rooms.roomprofessionalservice", "pk": 631, "fields": {"profesional_service": 64, "room": 1}}, {"model": "rooms.roomprofessionalservice", "pk": 632, "fields": {"profesional_service": 64, "room": 2}}, {"model": "rooms.roomprofessionalservice", "pk": 633, "fields": {"profesional_service": 64, "room": 3}}, {"model": "rooms.roomprofessionalservice", "pk": 634, "fields": {"profesional_service": 64, "room": 4}}, {"model": "rooms.roomprofessionalservice", "pk": 635, "fields": {"profesional_service": 64, "room": 5}}, {"model": "rooms.roomprofessionalservice", "pk": 636, "fields": {"profesional_service": 64, "room": 6}}, {"model": "rooms.roomprofessionalservice", "pk": 637, "fields": {"profesional_service": 64, "room": 7}}, {"model": "rooms.roomprofessionalservice", "pk": 638, "fields": {"profesional_service": 64, "room": 8}}, {"model": "rooms.roomprofessionalservice", "pk": 639, "fields": {"profesional_service": 64, "room": 9}}, {"model": "rooms.roomprofessionalservice", "pk": 640, "fields": {"profesional_service": 64, "room": 10}}, {"model": "rooms.roomprofessionalservice", "pk": 641, "fields": {"profesional_service": 65, "room": 1}}, {"model": "rooms.roomprofessionalservice", "pk": 642, "fields": {"profesional_service": 65, "room": 2}}, {"model": "rooms.roomprofessionalservice", "pk": 643, "fields": {"profesional_service": 65, "room": 3}}, {"model": "rooms.roomprofessionalservice", "pk": 644, "fields": {"profesional_service": 65, "room": 4}}, {"model": "rooms.roomprofessionalservice", "pk": 645, "fields": {"profesional_service": 65, "room": 5}}, {"model": "rooms.roomprofessionalservice", "pk": 646, "fields": {"profesional_service": 65, "room": 6}}, {"model": "rooms.roomprofessionalservice", "pk": 647, "fields": {"profesional_service": 65, "room": 7}}, {"model": "rooms.roomprofessionalservice", "pk": 648, "fields": {"profesional_service": 65, "room": 8}}, {"model": "rooms.roomprofessionalservice", "pk": 649, "fields": {"profesional_service": 65, "room": 9}}, {"model": "rooms.roomprofessionalservice", "pk": 650, "fields": {"profesional_service": 65, "room": 10}}, {"model": "rooms.roomprofessionalservice", "pk": 651, "fields": {"profesional_service": 66, "room": 1}}, {"model": "rooms.roomprofessionalservice", "pk": 652, "fields": {"profesional_service": 66, "room": 2}}, {"model": "rooms.roomprofessionalservice", "pk": 653, "fields": {"profesional_service": 66, "room": 3}}, {"model": "rooms.roomprofessionalservice", "pk": 654, "fields": {"profesional_service": 66, "room": 4}}, {"model": "rooms.roomprofessionalservice", "pk": 655, "fields": {"profesional_service": 66, "room": 5}}, {"model": "rooms.roomprofessionalservice", "pk": 656, "fields": {"profesional_service": 66, "room": 6}}, {"model": "rooms.roomprofessionalservice", "pk": 657, "fields": {"profesional_service": 66, "room": 7}}, {"model": "rooms.roomprofessionalservice", "pk": 658, "fields": {"profesional_service": 66, "room": 8}}, {"model": "rooms.roomprofessionalservice", "pk": 659, "fields": {"profesional_service": 66, "room": 9}}, {"model": "rooms.roomprofessionalservice", "pk": 660, "fields": {"profesional_service": 66, "room": 10}}, {"model": "rooms.roomprofessionalservice", "pk": 661, "fields": {"profesional_service": 67, "room": 1}}, {"model": "rooms.roomprofessionalservice", "pk": 662, "fields": {"profesional_service": 67, "room": 2}}, {"model": "rooms.roomprofessionalservice", "pk": 663, "fields": {"profesional_service": 67, "room": 3}}, {"model": "rooms.roomprofessionalservice", "pk": 664, "fields": {"profesional_service": 67, "room": 4}}, {"model": "rooms.roomprofessionalservice", "pk": 665, "fields": {"profesional_service": 67, "room": 5}}, {"model": "rooms.roomprofessionalservice", "pk": 666, "fields": {"profesional_service": 67, "room": 6}}, {"model": "rooms.roomprofessionalservice", "pk": 667, "fields": {"profesional_service": 67, "room": 7}}, {"model": "rooms.roomprofessionalservice", "pk": 668, "fields": {"profesional_service": 67, "room": 8}}, {"model": "rooms.roomprofessionalservice", "pk": 669, "fields": {"profesional_service": 67, "room": 9}}, {"model": "rooms.roomprofessionalservice", "pk": 670, "fields": {"profesional_service": 67, "room": 10}}, {"model": "rooms.roomprofessionalservice", "pk": 671, "fields": {"profesional_service": 68, "room": 1}}, {"model": "rooms.roomprofessionalservice", "pk": 672, "fields": {"profesional_service": 68, "room": 2}}, {"model": "rooms.roomprofessionalservice", "pk": 673, "fields": {"profesional_service": 68, "room": 3}}, {"model": "rooms.roomprofessionalservice", "pk": 674, "fields": {"profesional_service": 68, "room": 4}}, {"model": "rooms.roomprofessionalservice", "pk": 675, "fields": {"profesional_service": 68, "room": 5}}, {"model": "rooms.roomprofessionalservice", "pk": 676, "fields": {"profesional_service": 68, "room": 6}}, {"model": "rooms.roomprofessionalservice", "pk": 677, "fields": {"profesional_service": 68, "room": 7}}, {"model": "rooms.roomprofessionalservice", "pk": 678, "fields": {"profesional_service": 68, "room": 8}}, {"model": "rooms.roomprofessionalservice", "pk": 679, "fields": {"profesional_service": 68, "room": 9}}, {"model": "rooms.roomprofessionalservice", "pk": 680, "fields": {"profesional_service": 68, "room": 10}}, {"model": "rooms.roomprofessionalservice", "pk": 681, "fields": {"profesional_service": 69, "room": 1}}, {"model": "rooms.roomprofessionalservice", "pk": 682, "fields": {"profesional_service": 69, "room": 2}}, {"model": "rooms.roomprofessionalservice", "pk": 683, "fields": {"profesional_service": 69, "room": 3}}, {"model": "rooms.roomprofessionalservice", "pk": 684, "fields": {"profesional_service": 69, "room": 4}}, {"model": "rooms.roomprofessionalservice", "pk": 685, "fields": {"profesional_service": 69, "room": 5}}, {"model": "rooms.roomprofessionalservice", "pk": 686, "fields": {"profesional_service": 69, "room": 6}}, {"model": "rooms.roomprofessionalservice", "pk": 687, "fields": {"profesional_service": 69, "room": 7}}, {"model": "rooms.roomprofessionalservice", "pk": 688, "fields": {"profesional_service": 69, "room": 8}}, {"model": "rooms.roomprofessionalservice", "pk": 689, "fields": {"profesional_service": 69, "room": 9}}, {"model": "rooms.roomprofessionalservice", "pk": 690, "fields": {"profesional_service": 69, "room": 10}}, {"model": "rooms.roomprofessionalservice", "pk": 691, "fields": {"profesional_service": 70, "room": 1}}, {"model": "rooms.roomprofessionalservice", "pk": 692, "fields": {"profesional_service": 70, "room": 2}}, {"model": "rooms.roomprofessionalservice", "pk": 693, "fields": {"profesional_service": 70, "room": 3}}, {"model": "rooms.roomprofessionalservice", "pk": 694, "fields": {"profesional_service": 70, "room": 4}}, {"model": "rooms.roomprofessionalservice", "pk": 695, "fields": {"profesional_service": 70, "room": 5}}, {"model": "rooms.roomprofessionalservice", "pk": 696, "fields": {"profesional_service": 70, "room": 6}}, {"model": "rooms.roomprofessionalservice", "pk": 697, "fields": {"profesional_service": 70, "room": 7}}, {"model": "rooms.roomprofessionalservice", "pk": 698, "fields": {"profesional_service": 70, "room": 8}}, {"model": "rooms.roomprofessionalservice", "pk": 699, "fields": {"profesional_service": 70, "room": 9}}, {"model": "rooms.roomprofessionalservice", "pk": 700, "fields": {"profesional_service": 70, "room": 10}}, {"model": "rooms.roomprofessionalservice", "pk": 701, "fields": {"profesional_service": 71, "room": 1}}, {"model": "rooms.roomprofessionalservice", "pk": 702, "fields": {"profesional_service": 71, "room": 2}}, {"model": "rooms.roomprofessionalservice", "pk": 703, "fields": {"profesional_service": 71, "room": 3}}, {"model": "rooms.roomprofessionalservice", "pk": 704, "fields": {"profesional_service": 71, "room": 4}}, {"model": "rooms.roomprofessionalservice", "pk": 705, "fields": {"profesional_service": 71, "room": 5}}, {"model": "rooms.roomprofessionalservice", "pk": 706, "fields": {"profesional_service": 71, "room": 6}}, {"model": "rooms.roomprofessionalservice", "pk": 707, "fields": {"profesional_service": 71, "room": 7}}, {"model": "rooms.roomprofessionalservice", "pk": 708, "fields": {"profesional_service": 71, "room": 8}}, {"model": "rooms.roomprofessionalservice", "pk": 709, "fields": {"profesional_service": 71, "room": 9}}, {"model": "rooms.roomprofessionalservice", "pk": 710, "fields": {"profesional_service": 71, "room": 10}}, {"model": "rooms.roomprofessionalservice", "pk": 711, "fields": {"profesional_service": 72, "room": 1}}, {"model": "rooms.roomprofessionalservice", "pk": 712, "fields": {"profesional_service": 72, "room": 2}}, {"model": "rooms.roomprofessionalservice", "pk": 713, "fields": {"profesional_service": 72, "room": 3}}, {"model": "rooms.roomprofessionalservice", "pk": 714, "fields": {"profesional_service": 72, "room": 4}}, {"model": "rooms.roomprofessionalservice", "pk": 715, "fields": {"profesional_service": 72, "room": 5}}, {"model": "rooms.roomprofessionalservice", "pk": 716, "fields": {"profesional_service": 72, "room": 6}}, {"model": "rooms.roomprofessionalservice", "pk": 717, "fields": {"profesional_service": 72, "room": 7}}, {"model": "rooms.roomprofessionalservice", "pk": 718, "fields": {"profesional_service": 72, "room": 8}}, {"model": "rooms.roomprofessionalservice", "pk": 719, "fields": {"profesional_service": 72, "room": 9}}, {"model": "rooms.roomprofessionalservice", "pk": 720, "fields": {"profesional_service": 72, "room": 10}}, {"model": "rooms.roomprofessionalservice", "pk": 721, "fields": {"profesional_service": 73, "room": 1}}, {"model": "rooms.roomprofessionalservice", "pk": 722, "fields": {"profesional_service": 73, "room": 2}}, {"model": "rooms.roomprofessionalservice", "pk": 723, "fields": {"profesional_service": 73, "room": 3}}, {"model": "rooms.roomprofessionalservice", "pk": 724, "fields": {"profesional_service": 73, "room": 4}}, {"model": "rooms.roomprofessionalservice", "pk": 725, "fields": {"profesional_service": 73, "room": 5}}, {"model": "rooms.roomprofessionalservice", "pk": 726, "fields": {"profesional_service": 73, "room": 6}}, {"model": "rooms.roomprofessionalservice", "pk": 727, "fields": {"profesional_service": 73, "room": 7}}, {"model": "rooms.roomprofessionalservice", "pk": 728, "fields": {"profesional_service": 73, "room": 8}}, {"model": "rooms.roomprofessionalservice", "pk": 729, "fields": {"profesional_service": 73, "room": 9}}, {"model": "rooms.roomprofessionalservice", "pk": 730, "fields": {"profesional_service": 73, "room": 10}}, {"model": "rooms.roomprofessionalservice", "pk": 731, "fields": {"profesional_service": 74, "room": 1}}, {"model": "rooms.roomprofessionalservice", "pk": 732, "fields": {"profesional_service": 74, "room": 2}}, {"model": "rooms.roomprofessionalservice", "pk": 733, "fields": {"profesional_service": 74, "room": 3}}, {"model": "rooms.roomprofessionalservice", "pk": 734, "fields": {"profesional_service": 74, "room": 4}}, {"model": "rooms.roomprofessionalservice", "pk": 735, "fields": {"profesional_service": 74, "room": 5}}, {"model": "rooms.roomprofessionalservice", "pk": 736, "fields": {"profesional_service": 74, "room": 6}}, {"model": "rooms.roomprofessionalservice", "pk": 737, "fields": {"profesional_service": 74, "room": 7}}, {"model": "rooms.roomprofessionalservice", "pk": 738, "fields": {"profesional_service": 74, "room": 8}}, {"model": "rooms.roomprofessionalservice", "pk": 739, "fields": {"profesional_service": 74, "room": 9}}, {"model": "rooms.roomprofessionalservice", "pk": 740, "fields": {"profesional_service": 74, "room": 10}}, {"model": "rooms.roomprofessionalservice", "pk": 741, "fields": {"profesional_service": 75, "room": 1}}, {"model": "rooms.roomprofessionalservice", "pk": 742, "fields": {"profesional_service": 75, "room": 2}}, {"model": "rooms.roomprofessionalservice", "pk": 743, "fields": {"profesional_service": 75, "room": 3}}, {"model": "rooms.roomprofessionalservice", "pk": 744, "fields": {"profesional_service": 75, "room": 4}}, {"model": "rooms.roomprofessionalservice", "pk": 745, "fields": {"profesional_service": 75, "room": 5}}, {"model": "rooms.roomprofessionalservice", "pk": 746, "fields": {"profesional_service": 75, "room": 6}}, {"model": "rooms.roomprofessionalservice", "pk": 747, "fields": {"profesional_service": 75, "room": 7}}, {"model": "rooms.roomprofessionalservice", "pk": 748, "fields": {"profesional_service": 75, "room": 8}}, {"model": "rooms.roomprofessionalservice", "pk": 749, "fields": {"profesional_service": 75, "room": 9}}, {"model": "rooms.roomprofessionalservice", "pk": 750, "fields": {"profesional_service": 75, "room": 10}}, {"model": "rooms.roomprofessionalservice", "pk": 751, "fields": {"profesional_service": 76, "room": 1}}, {"model": "rooms.roomprofessionalservice", "pk": 752, "fields": {"profesional_service": 76, "room": 2}}, {"model": "rooms.roomprofessionalservice", "pk": 753, "fields": {"profesional_service": 76, "room": 3}}, {"model": "rooms.roomprofessionalservice", "pk": 754, "fields": {"profesional_service": 76, "room": 4}}, {"model": "rooms.roomprofessionalservice", "pk": 755, "fields": {"profesional_service": 76, "room": 5}}, {"model": "rooms.roomprofessionalservice", "pk": 756, "fields": {"profesional_service": 76, "room": 6}}, {"model": "rooms.roomprofessionalservice", "pk": 757, "fields": {"profesional_service": 76, "room": 7}}, {"model": "rooms.roomprofessionalservice", "pk": 758, "fields": {"profesional_service": 76, "room": 8}}, {"model": "rooms.roomprofessionalservice", "pk": 759, "fields": {"profesional_service": 76, "room": 9}}, {"model": "rooms.roomprofessionalservice", "pk": 760, "fields": {"profesional_service": 76, "room": 10}}, {"model": "rooms.roomprofessionalservice", "pk": 761, "fields": {"profesional_service": 77, "room": 1}}, {"model": "rooms.roomprofessionalservice", "pk": 762, "fields": {"profesional_service": 77, "room": 2}}, {"model": "rooms.roomprofessionalservice", "pk": 763, "fields": {"profesional_service": 77, "room": 3}}, {"model": "rooms.roomprofessionalservice", "pk": 764, "fields": {"profesional_service": 77, "room": 4}}, {"model": "rooms.roomprofessionalservice", "pk": 765, "fields": {"profesional_service": 77, "room": 5}}, {"model": "rooms.roomprofessionalservice", "pk": 766, "fields": {"profesional_service": 77, "room": 6}}, {"model": "rooms.roomprofessionalservice", "pk": 767, "fields": {"profesional_service": 77, "room": 7}}, {"model": "rooms.roomprofessionalservice", "pk": 768, "fields": {"profesional_service": 77, "room": 8}}, {"model": "rooms.roomprofessionalservice", "pk": 769, "fields": {"profesional_service": 77, "room": 9}}, {"model": "rooms.roomprofessionalservice", "pk": 770, "fields": {"profesional_service": 77, "room": 10}}, {"model": "rooms.roomprofessionalservice", "pk": 771, "fields": {"profesional_service": 78, "room": 1}}, {"model": "rooms.roomprofessionalservice", "pk": 772, "fields": {"profesional_service": 78, "room": 2}}, {"model": "rooms.roomprofessionalservice", "pk": 773, "fields": {"profesional_service": 78, "room": 3}}, {"model": "rooms.roomprofessionalservice", "pk": 774, "fields": {"profesional_service": 78, "room": 4}}, {"model": "rooms.roomprofessionalservice", "pk": 775, "fields": {"profesional_service": 78, "room": 5}}, {"model": "rooms.roomprofessionalservice", "pk": 776, "fields": {"profesional_service": 78, "room": 6}}, {"model": "rooms.roomprofessionalservice", "pk": 777, "fields": {"profesional_service": 78, "room": 7}}, {"model": "rooms.roomprofessionalservice", "pk": 778, "fields": {"profesional_service": 78, "room": 8}}, {"model": "rooms.roomprofessionalservice", "pk": 779, "fields": {"profesional_service": 78, "room": 9}}, {"model": "rooms.roomprofessionalservice", "pk": 780, "fields": {"profesional_service": 78, "room": 10}}, {"model": "rooms.roomprofessionalservice", "pk": 781, "fields": {"profesional_service": 79, "room": 1}}, {"model": "rooms.roomprofessionalservice", "pk": 782, "fields": {"profesional_service": 79, "room": 2}}, {"model": "rooms.roomprofessionalservice", "pk": 783, "fields": {"profesional_service": 79, "room": 3}}, {"model": "rooms.roomprofessionalservice", "pk": 784, "fields": {"profesional_service": 79, "room": 4}}, {"model": "rooms.roomprofessionalservice", "pk": 785, "fields": {"profesional_service": 79, "room": 5}}, {"model": "rooms.roomprofessionalservice", "pk": 786, "fields": {"profesional_service": 79, "room": 6}}, {"model": "rooms.roomprofessionalservice", "pk": 787, "fields": {"profesional_service": 79, "room": 7}}, {"model": "rooms.roomprofessionalservice", "pk": 788, "fields": {"profesional_service": 79, "room": 8}}, {"model": "rooms.roomprofessionalservice", "pk": 789, "fields": {"profesional_service": 79, "room": 9}}, {"model": "rooms.roomprofessionalservice", "pk": 790, "fields": {"profesional_service": 79, "room": 10}}, {"model": "rooms.roomprofessionalservice", "pk": 791, "fields": {"profesional_service": 80, "room": 1}}, {"model": "rooms.roomprofessionalservice", "pk": 792, "fields": {"profesional_service": 80, "room": 2}}, {"model": "rooms.roomprofessionalservice", "pk": 793, "fields": {"profesional_service": 80, "room": 3}}, {"model": "rooms.roomprofessionalservice", "pk": 794, "fields": {"profesional_service": 80, "room": 4}}, {"model": "rooms.roomprofessionalservice", "pk": 795, "fields": {"profesional_service": 80, "room": 5}}, {"model": "rooms.roomprofessionalservice", "pk": 796, "fields": {"profesional_service": 80, "room": 6}}, {"model": "rooms.roomprofessionalservice", "pk": 797, "fields": {"profesional_service": 80, "room": 7}}, {"model": "rooms.roomprofessionalservice", "pk": 798, "fields": {"profesional_service": 80, "room": 8}}, {"model": "rooms.roomprofessionalservice", "pk": 799, "fields": {"profesional_service": 80, "room": 9}}, {"model": "rooms.roomprofessionalservice", "pk": 800, "fields": {"profesional_service": 80, "room": 10}}, {"model": "rooms.roomprofessionalservice", "pk": 801, "fields": {"profesional_service": 81, "room": 1}}, {"model": "rooms.roomprofessionalservice", "pk": 802, "fields": {"profesional_service": 81, "room": 2}}, {"model": "rooms.roomprofessionalservice", "pk": 803, "fields": {"profesional_service": 81, "room": 3}}, {"model": "rooms.roomprofessionalservice", "pk": 804, "fields": {"profesional_service": 81, "room": 4}}, {"model": "rooms.roomprofessionalservice", "pk": 805, "fields": {"profesional_service": 81, "room": 5}}, {"model": "rooms.roomprofessionalservice", "pk": 806, "fields": {"profesional_service": 81, "room": 6}}, {"model": "rooms.roomprofessionalservice", "pk": 807, "fields": {"profesional_service": 81, "room": 7}}, {"model": "rooms.roomprofessionalservice", "pk": 808, "fields": {"profesional_service": 81, "room": 8}}, {"model": "rooms.roomprofessionalservice", "pk": 809, "fields": {"profesional_service": 81, "room": 9}}, {"model": "rooms.roomprofessionalservice", "pk": 810, "fields": {"profesional_service": 81, "room": 10}}, {"model": "rooms.roomprofessionalservice", "pk": 811, "fields": {"profesional_service": 82, "room": 1}}, {"model": "rooms.roomprofessionalservice", "pk": 812, "fields": {"profesional_service": 82, "room": 2}}, {"model": "rooms.roomprofessionalservice", "pk": 813, "fields": {"profesional_service": 82, "room": 3}}, {"model": "rooms.roomprofessionalservice", "pk": 814, "fields": {"profesional_service": 82, "room": 4}}, {"model": "rooms.roomprofessionalservice", "pk": 815, "fields": {"profesional_service": 82, "room": 5}}, {"model": "rooms.roomprofessionalservice", "pk": 816, "fields": {"profesional_service": 82, "room": 6}}, {"model": "rooms.roomprofessionalservice", "pk": 817, "fields": {"profesional_service": 82, "room": 7}}, {"model": "rooms.roomprofessionalservice", "pk": 818, "fields": {"profesional_service": 82, "room": 8}}, {"model": "rooms.roomprofessionalservice", "pk": 819, "fields": {"profesional_service": 82, "room": 9}}, {"model": "rooms.roomprofessionalservice", "pk": 820, "fields": {"profesional_service": 82, "room": 10}}, {"model": "rooms.roomprofessionalservice", "pk": 821, "fields": {"profesional_service": 83, "room": 1}}, {"model": "rooms.roomprofessionalservice", "pk": 822, "fields": {"profesional_service": 83, "room": 2}}, {"model": "rooms.roomprofessionalservice", "pk": 823, "fields": {"profesional_service": 83, "room": 3}}, {"model": "rooms.roomprofessionalservice", "pk": 824, "fields": {"profesional_service": 83, "room": 4}}, {"model": "rooms.roomprofessionalservice", "pk": 825, "fields": {"profesional_service": 83, "room": 5}}, {"model": "rooms.roomprofessionalservice", "pk": 826, "fields": {"profesional_service": 83, "room": 6}}, {"model": "rooms.roomprofessionalservice", "pk": 827, "fields": {"profesional_service": 83, "room": 7}}, {"model": "rooms.roomprofessionalservice", "pk": 828, "fields": {"profesional_service": 83, "room": 8}}, {"model": "rooms.roomprofessionalservice", "pk": 829, "fields": {"profesional_service": 83, "room": 9}}, {"model": "rooms.roomprofessionalservice", "pk": 830, "fields": {"profesional_service": 83, "room": 10}}, {"model": "rooms.roomprofessionalservice", "pk": 831, "fields": {"profesional_service": 84, "room": 1}}, {"model": "rooms.roomprofessionalservice", "pk": 832, "fields": {"profesional_service": 84, "room": 2}}, {"model": "rooms.roomprofessionalservice", "pk": 833, "fields": {"profesional_service": 84, "room": 3}}, {"model": "rooms.roomprofessionalservice", "pk": 834, "fields": {"profesional_service": 84, "room": 4}}, {"model": "rooms.roomprofessionalservice", "pk": 835, "fields": {"profesional_service": 84, "room": 5}}, {"model": "rooms.roomprofessionalservice", "pk": 836, "fields": {"profesional_service": 84, "room": 6}}, {"model": "rooms.roomprofessionalservice", "pk": 837, "fields": {"profesional_service": 84, "room": 7}}, {"model": "rooms.roomprofessionalservice", "pk": 838, "fields": {"profesional_service": 84, "room": 8}}, {"model": "rooms.roomprofessionalservice", "pk": 839, "fields": {"profesional_service": 84, "room": 9}}, {"model": "rooms.roomprofessionalservice", "pk": 840, "fields": {"profesional_service": 84, "room": 10}}, {"model": "rooms.roomprofessionalservice", "pk": 841, "fields": {"profesional_service": 85, "room": 1}}, {"model": "rooms.roomprofessionalservice", "pk": 842, "fields": {"profesional_service": 85, "room": 2}}, {"model": "rooms.roomprofessionalservice", "pk": 843, "fields": {"profesional_service": 85, "room": 3}}, {"model": "rooms.roomprofessionalservice", "pk": 844, "fields": {"profesional_service": 85, "room": 4}}, {"model": "rooms.roomprofessionalservice", "pk": 845, "fields": {"profesional_service": 85, "room": 5}}, {"model": "rooms.roomprofessionalservice", "pk": 846, "fields": {"profesional_service": 85, "room": 6}}, {"model": "rooms.roomprofessionalservice", "pk": 847, "fields": {"profesional_service": 85, "room": 7}}, {"model": "rooms.roomprofessionalservice", "pk": 848, "fields": {"profesional_service": 85, "room": 8}}, {"model": "rooms.roomprofessionalservice", "pk": 849, "fields": {"profesional_service": 85, "room": 9}}, {"model": "rooms.roomprofessionalservice", "pk": 850, "fields": {"profesional_service": 85, "room": 10}}, {"model": "rooms.roomprofessionalservice", "pk": 851, "fields": {"profesional_service": 86, "room": 1}}, {"model": "rooms.roomprofessionalservice", "pk": 852, "fields": {"profesional_service": 86, "room": 2}}, {"model": "rooms.roomprofessionalservice", "pk": 853, "fields": {"profesional_service": 86, "room": 3}}, {"model": "rooms.roomprofessionalservice", "pk": 854, "fields": {"profesional_service": 86, "room": 4}}, {"model": "rooms.roomprofessionalservice", "pk": 855, "fields": {"profesional_service": 86, "room": 5}}, {"model": "rooms.roomprofessionalservice", "pk": 856, "fields": {"profesional_service": 86, "room": 6}}, {"model": "rooms.roomprofessionalservice", "pk": 857, "fields": {"profesional_service": 86, "room": 7}}, {"model": "rooms.roomprofessionalservice", "pk": 858, "fields": {"profesional_service": 86, "room": 8}}, {"model": "rooms.roomprofessionalservice", "pk": 859, "fields": {"profesional_service": 86, "room": 9}}, {"model": "rooms.roomprofessionalservice", "pk": 860, "fields": {"profesional_service": 86, "room": 10}}, {"model": "rooms.roomprofessionalservice", "pk": 861, "fields": {"profesional_service": 87, "room": 1}}, {"model": "rooms.roomprofessionalservice", "pk": 862, "fields": {"profesional_service": 87, "room": 2}}, {"model": "rooms.roomprofessionalservice", "pk": 863, "fields": {"profesional_service": 87, "room": 3}}, {"model": "rooms.roomprofessionalservice", "pk": 864, "fields": {"profesional_service": 87, "room": 4}}, {"model": "rooms.roomprofessionalservice", "pk": 865, "fields": {"profesional_service": 87, "room": 5}}, {"model": "rooms.roomprofessionalservice", "pk": 866, "fields": {"profesional_service": 87, "room": 6}}, {"model": "rooms.roomprofessionalservice", "pk": 867, "fields": {"profesional_service": 87, "room": 7}}, {"model": "rooms.roomprofessionalservice", "pk": 868, "fields": {"profesional_service": 87, "room": 8}}, {"model": "rooms.roomprofessionalservice", "pk": 869, "fields": {"profesional_service": 87, "room": 9}}, {"model": "rooms.roomprofessionalservice", "pk": 870, "fields": {"profesional_service": 87, "room": 10}}, {"model": "rooms.roomprofessionalservice", "pk": 871, "fields": {"profesional_service": 88, "room": 1}}, {"model": "rooms.roomprofessionalservice", "pk": 872, "fields": {"profesional_service": 88, "room": 2}}, {"model": "rooms.roomprofessionalservice", "pk": 873, "fields": {"profesional_service": 88, "room": 3}}, {"model": "rooms.roomprofessionalservice", "pk": 874, "fields": {"profesional_service": 88, "room": 4}}, {"model": "rooms.roomprofessionalservice", "pk": 875, "fields": {"profesional_service": 88, "room": 5}}, {"model": "rooms.roomprofessionalservice", "pk": 876, "fields": {"profesional_service": 88, "room": 6}}, {"model": "rooms.roomprofessionalservice", "pk": 877, "fields": {"profesional_service": 88, "room": 7}}, {"model": "rooms.roomprofessionalservice", "pk": 878, "fields": {"profesional_service": 88, "room": 8}}, {"model": "rooms.roomprofessionalservice", "pk": 879, "fields": {"profesional_service": 88, "room": 9}}, {"model": "rooms.roomprofessionalservice", "pk": 880, "fields": {"profesional_service": 88, "room": 10}}, {"model": "rooms.roomprofessionalservice", "pk": 881, "fields": {"profesional_service": 89, "room": 1}}, {"model": "rooms.roomprofessionalservice", "pk": 882, "fields": {"profesional_service": 89, "room": 2}}, {"model": "rooms.roomprofessionalservice", "pk": 883, "fields": {"profesional_service": 89, "room": 3}}, {"model": "rooms.roomprofessionalservice", "pk": 884, "fields": {"profesional_service": 89, "room": 4}}, {"model": "rooms.roomprofessionalservice", "pk": 885, "fields": {"profesional_service": 89, "room": 5}}, {"model": "rooms.roomprofessionalservice", "pk": 886, "fields": {"profesional_service": 89, "room": 6}}, {"model": "rooms.roomprofessionalservice", "pk": 887, "fields": {"profesional_service": 89, "room": 7}}, {"model": "rooms.roomprofessionalservice", "pk": 888, "fields": {"profesional_service": 89, "room": 8}}, {"model": "rooms.roomprofessionalservice", "pk": 889, "fields": {"profesional_service": 89, "room": 9}}, {"model": "rooms.roomprofessionalservice", "pk": 890, "fields": {"profesional_service": 89, "room": 10}}, {"model": "rooms.roomprofessionalservice", "pk": 891, "fields": {"profesional_service": 90, "room": 1}}, {"model": "rooms.roomprofessionalservice", "pk": 892, "fields": {"profesional_service": 90, "room": 2}}, {"model": "rooms.roomprofessionalservice", "pk": 893, "fields": {"profesional_service": 90, "room": 3}}, {"model": "rooms.roomprofessionalservice", "pk": 894, "fields": {"profesional_service": 90, "room": 4}}, {"model": "rooms.roomprofessionalservice", "pk": 895, "fields": {"profesional_service": 90, "room": 5}}, {"model": "rooms.roomprofessionalservice", "pk": 896, "fields": {"profesional_service": 90, "room": 6}}, {"model": "rooms.roomprofessionalservice", "pk": 897, "fields": {"profesional_service": 90, "room": 7}}, {"model": "rooms.roomprofessionalservice", "pk": 898, "fields": {"profesional_service": 90, "room": 8}}, {"model": "rooms.roomprofessionalservice", "pk": 899, "fields": {"profesional_service": 90, "room": 9}}, {"model": "rooms.roomprofessionalservice", "pk": 900, "fields": {"profesional_service": 90, "room": 10}}, {"model": "rooms.roomprofessionalservice", "pk": 901, "fields": {"profesional_service": 91, "room": 1}}, {"model": "rooms.roomprofessionalservice", "pk": 902, "fields": {"profesional_service": 91, "room": 2}}, {"model": "rooms.roomprofessionalservice", "pk": 903, "fields": {"profesional_service": 91, "room": 3}}, {"model": "rooms.roomprofessionalservice", "pk": 904, "fields": {"profesional_service": 91, "room": 4}}, {"model": "rooms.roomprofessionalservice", "pk": 905, "fields": {"profesional_service": 91, "room": 5}}, {"model": "rooms.roomprofessionalservice", "pk": 906, "fields": {"profesional_service": 91, "room": 6}}, {"model": "rooms.roomprofessionalservice", "pk": 907, "fields": {"profesional_service": 91, "room": 7}}, {"model": "rooms.roomprofessionalservice", "pk": 908, "fields": {"profesional_service": 91, "room": 8}}, {"model": "rooms.roomprofessionalservice", "pk": 909, "fields": {"profesional_service": 91, "room": 9}}, {"model": "rooms.roomprofessionalservice", "pk": 910, "fields": {"profesional_service": 91, "room": 10}}, {"model": "rooms.roomprofessionalservice", "pk": 911, "fields": {"profesional_service": 92, "room": 1}}, {"model": "rooms.roomprofessionalservice", "pk": 912, "fields": {"profesional_service": 92, "room": 2}}, {"model": "rooms.roomprofessionalservice", "pk": 913, "fields": {"profesional_service": 92, "room": 3}}, {"model": "rooms.roomprofessionalservice", "pk": 914, "fields": {"profesional_service": 92, "room": 4}}, {"model": "rooms.roomprofessionalservice", "pk": 915, "fields": {"profesional_service": 92, "room": 5}}, {"model": "rooms.roomprofessionalservice", "pk": 916, "fields": {"profesional_service": 92, "room": 6}}, {"model": "rooms.roomprofessionalservice", "pk": 917, "fields": {"profesional_service": 92, "room": 7}}, {"model": "rooms.roomprofessionalservice", "pk": 918, "fields": {"profesional_service": 92, "room": 8}}, {"model": "rooms.roomprofessionalservice", "pk": 919, "fields": {"profesional_service": 92, "room": 9}}, {"model": "rooms.roomprofessionalservice", "pk": 920, "fields": {"profesional_service": 92, "room": 10}}, {"model": "rooms.roomprofessionalservice", "pk": 921, "fields": {"profesional_service": 93, "room": 1}}, {"model": "rooms.roomprofessionalservice", "pk": 922, "fields": {"profesional_service": 93, "room": 2}}, {"model": "rooms.roomprofessionalservice", "pk": 923, "fields": {"profesional_service": 93, "room": 3}}, {"model": "rooms.roomprofessionalservice", "pk": 924, "fields": {"profesional_service": 93, "room": 4}}, {"model": "rooms.roomprofessionalservice", "pk": 925, "fields": {"profesional_service": 93, "room": 5}}, {"model": "rooms.roomprofessionalservice", "pk": 926, "fields": {"profesional_service": 93, "room": 6}}, {"model": "rooms.roomprofessionalservice", "pk": 927, "fields": {"profesional_service": 93, "room": 7}}, {"model": "rooms.roomprofessionalservice", "pk": 928, "fields": {"profesional_service": 93, "room": 8}}, {"model": "rooms.roomprofessionalservice", "pk": 929, "fields": {"profesional_service": 93, "room": 9}}, {"model": "rooms.roomprofessionalservice", "pk": 930, "fields": {"profesional_service": 93, "room": 10}}, {"model": "rooms.roomprofessionalservice", "pk": 931, "fields": {"profesional_service": 94, "room": 1}}, {"model": "rooms.roomprofessionalservice", "pk": 932, "fields": {"profesional_service": 94, "room": 2}}, {"model": "rooms.roomprofessionalservice", "pk": 933, "fields": {"profesional_service": 94, "room": 3}}, {"model": "rooms.roomprofessionalservice", "pk": 934, "fields": {"profesional_service": 94, "room": 4}}, {"model": "rooms.roomprofessionalservice", "pk": 935, "fields": {"profesional_service": 94, "room": 5}}, {"model": "rooms.roomprofessionalservice", "pk": 936, "fields": {"profesional_service": 94, "room": 6}}, {"model": "rooms.roomprofessionalservice", "pk": 937, "fields": {"profesional_service": 94, "room": 7}}, {"model": "rooms.roomprofessionalservice", "pk": 938, "fields": {"profesional_service": 94, "room": 8}}, {"model": "rooms.roomprofessionalservice", "pk": 939, "fields": {"profesional_service": 94, "room": 9}}, {"model": "rooms.roomprofessionalservice", "pk": 940, "fields": {"profesional_service": 94, "room": 10}}, {"model": "rooms.roomprofessionalservice", "pk": 941, "fields": {"profesional_service": 95, "room": 1}}, {"model": "rooms.roomprofessionalservice", "pk": 942, "fields": {"profesional_service": 95, "room": 2}}, {"model": "rooms.roomprofessionalservice", "pk": 943, "fields": {"profesional_service": 95, "room": 3}}, {"model": "rooms.roomprofessionalservice", "pk": 944, "fields": {"profesional_service": 95, "room": 4}}, {"model": "rooms.roomprofessionalservice", "pk": 945, "fields": {"profesional_service": 95, "room": 5}}, {"model": "rooms.roomprofessionalservice", "pk": 946, "fields": {"profesional_service": 95, "room": 6}}, {"model": "rooms.roomprofessionalservice", "pk": 947, "fields": {"profesional_service": 95, "room": 7}}, {"model": "rooms.roomprofessionalservice", "pk": 948, "fields": {"profesional_service": 95, "room": 8}}, {"model": "rooms.roomprofessionalservice", "pk": 949, "fields": {"profesional_service": 95, "room": 9}}, {"model": "rooms.roomprofessionalservice", "pk": 950, "fields": {"profesional_service": 95, "room": 10}}, {"model": "rooms.roomprofessionalservice", "pk": 951, "fields": {"profesional_service": 96, "room": 1}}, {"model": "rooms.roomprofessionalservice", "pk": 952, "fields": {"profesional_service": 96, "room": 2}}, {"model": "rooms.roomprofessionalservice", "pk": 953, "fields": {"profesional_service": 96, "room": 3}}, {"model": "rooms.roomprofessionalservice", "pk": 954, "fields": {"profesional_service": 96, "room": 4}}, {"model": "rooms.roomprofessionalservice", "pk": 955, "fields": {"profesional_service": 96, "room": 5}}, {"model": "rooms.roomprofessionalservice", "pk": 956, "fields": {"profesional_service": 96, "room": 6}}, {"model": "rooms.roomprofessionalservice", "pk": 957, "fields": {"profesional_service": 96, "room": 7}}, {"model": "rooms.roomprofessionalservice", "pk": 958, "fields": {"profesional_service": 96, "room": 8}}, {"model": "rooms.roomprofessionalservice", "pk": 959, "fields": {"profesional_service": 96, "room": 9}}, {"model": "rooms.roomprofessionalservice", "pk": 960, "fields": {"profesional_service": 96, "room": 10}}, {"model": "rooms.roomprofessionalservice", "pk": 961, "fields": {"profesional_service": 97, "room": 1}}, {"model": "rooms.roomprofessionalservice", "pk": 962, "fields": {"profesional_service": 97, "room": 2}}, {"model": "rooms.roomprofessionalservice", "pk": 963, "fields": {"profesional_service": 97, "room": 3}}, {"model": "rooms.roomprofessionalservice", "pk": 964, "fields": {"profesional_service": 97, "room": 4}}, {"model": "rooms.roomprofessionalservice", "pk": 965, "fields": {"profesional_service": 97, "room": 5}}, {"model": "rooms.roomprofessionalservice", "pk": 966, "fields": {"profesional_service": 97, "room": 6}}, {"model": "rooms.roomprofessionalservice", "pk": 967, "fields": {"profesional_service": 97, "room": 7}}, {"model": "rooms.roomprofessionalservice", "pk": 968, "fields": {"profesional_service": 97, "room": 8}}, {"model": "rooms.roomprofessionalservice", "pk": 969, "fields": {"profesional_service": 97, "room": 9}}, {"model": "rooms.roomprofessionalservice", "pk": 970, "fields": {"profesional_service": 97, "room": 10}}, {"model": "rooms.roomprofessionalservice", "pk": 971, "fields": {"profesional_service": 98, "room": 1}}, {"model": "rooms.roomprofessionalservice", "pk": 972, "fields": {"profesional_service": 98, "room": 2}}, {"model": "rooms.roomprofessionalservice", "pk": 973, "fields": {"profesional_service": 98, "room": 3}}, {"model": "rooms.roomprofessionalservice", "pk": 974, "fields": {"profesional_service": 98, "room": 4}}, {"model": "rooms.roomprofessionalservice", "pk": 975, "fields": {"profesional_service": 98, "room": 5}}, {"model": "rooms.roomprofessionalservice", "pk": 976, "fields": {"profesional_service": 98, "room": 6}}, {"model": "rooms.roomprofessionalservice", "pk": 977, "fields": {"profesional_service": 98, "room": 7}}, {"model": "rooms.roomprofessionalservice", "pk": 978, "fields": {"profesional_service": 98, "room": 8}}, {"model": "rooms.roomprofessionalservice", "pk": 979, "fields": {"profesional_service": 98, "room": 9}}, {"model": "rooms.roomprofessionalservice", "pk": 980, "fields": {"profesional_service": 98, "room": 10}}, {"model": "rooms.roomprofessionalservice", "pk": 981, "fields": {"profesional_service": 99, "room": 1}}, {"model": "rooms.roomprofessionalservice", "pk": 982, "fields": {"profesional_service": 99, "room": 2}}, {"model": "rooms.roomprofessionalservice", "pk": 983, "fields": {"profesional_service": 99, "room": 3}}, {"model": "rooms.roomprofessionalservice", "pk": 984, "fields": {"profesional_service": 99, "room": 4}}, {"model": "rooms.roomprofessionalservice", "pk": 985, "fields": {"profesional_service": 99, "room": 5}}, {"model": "rooms.roomprofessionalservice", "pk": 986, "fields": {"profesional_service": 99, "room": 6}}, {"model": "rooms.roomprofessionalservice", "pk": 987, "fields": {"profesional_service": 99, "room": 7}}, {"model": "rooms.roomprofessionalservice", "pk": 988, "fields": {"profesional_service": 99, "room": 8}}, {"model": "rooms.roomprofessionalservice", "pk": 989, "fields": {"profesional_service": 99, "room": 9}}, {"model": "rooms.roomprofessionalservice", "pk": 990, "fields": {"profesional_service": 99, "room": 10}}, {"model": "rooms.roomprofessionalservice", "pk": 991, "fields": {"profesional_service": 100, "room": 1}}, {"model": "rooms.roomprofessionalservice", "pk": 992, "fields": {"profesional_service": 100, "room": 2}}, {"model": "rooms.roomprofessionalservice", "pk": 993, "fields": {"profesional_service": 100, "room": 3}}, {"model": "rooms.roomprofessionalservice", "pk": 994, "fields": {"profesional_service": 100, "room": 4}}, {"model": "rooms.roomprofessionalservice", "pk": 995, "fields": {"profesional_service": 100, "room": 5}}, {"model": "rooms.roomprofessionalservice", "pk": 996, "fields": {"profesional_service": 100, "room": 6}}, {"model": "rooms.roomprofessionalservice", "pk": 997, "fields": {"profesional_service": 100, "room": 7}}, {"model": "rooms.roomprofessionalservice", "pk": 998, "fields": {"profesional_service": 100, "room": 8}}, {"model": "rooms.roomprofessionalservice", "pk": 999, "fields": {"profesional_service": 100, "room": 9}}, {"model": "rooms.roomprofessionalservice", "pk": 1000, "fields": {"profesional_service": 100, "room": 10}}, {"model": "rooms.roomprofessionalservice", "pk": 1001, "fields": {"profesional_service": 101, "room": 1}}, {"model": "rooms.roomprofessionalservice", "pk": 1002, "fields": {"profesional_service": 101, "room": 2}}, {"model": "rooms.roomprofessionalservice", "pk": 1003, "fields": {"profesional_service": 101, "room": 3}}, {"model": "rooms.roomprofessionalservice", "pk": 1004, "fields": {"profesional_service": 101, "room": 4}}, {"model": "rooms.roomprofessionalservice", "pk": 1005, "fields": {"profesional_service": 101, "room": 5}}, {"model": "rooms.roomprofessionalservice", "pk": 1006, "fields": {"profesional_service": 101, "room": 6}}, {"model": "rooms.roomprofessionalservice", "pk": 1007, "fields": {"profesional_service": 101, "room": 7}}, {"model": "rooms.roomprofessionalservice", "pk": 1008, "fields": {"profesional_service": 101, "room": 8}}, {"model": "rooms.roomprofessionalservice", "pk": 1009, "fields": {"profesional_service": 101, "room": 9}}, {"model": "rooms.roomprofessionalservice", "pk": 1010, "fields": {"profesional_service": 101, "room": 10}}, {"model": "rooms.roomprofessionalservice", "pk": 1011, "fields": {"profesional_service": 102, "room": 1}}, {"model": "rooms.roomprofessionalservice", "pk": 1012, "fields": {"profesional_service": 102, "room": 2}}, {"model": "rooms.roomprofessionalservice", "pk": 1013, "fields": {"profesional_service": 102, "room": 3}}, {"model": "rooms.roomprofessionalservice", "pk": 1014, "fields": {"profesional_service": 102, "room": 4}}, {"model": "rooms.roomprofessionalservice", "pk": 1015, "fields": {"profesional_service": 102, "room": 5}}, {"model": "rooms.roomprofessionalservice", "pk": 1016, "fields": {"profesional_service": 102, "room": 6}}, {"model": "rooms.roomprofessionalservice", "pk": 1017, "fields": {"profesional_service": 102, "room": 7}}, {"model": "rooms.roomprofessionalservice", "pk": 1018, "fields": {"profesional_service": 102, "room": 8}}, {"model": "rooms.roomprofessionalservice", "pk": 1019, "fields": {"profesional_service": 102, "room": 9}}, {"model": "rooms.roomprofessionalservice", "pk": 1020, "fields": {"profesional_service": 102, "room": 10}}, {"model": "rooms.roomprofessionalservice", "pk": 1021, "fields": {"profesional_service": 103, "room": 1}}, {"model": "rooms.roomprofessionalservice", "pk": 1022, "fields": {"profesional_service": 103, "room": 2}}, {"model": "rooms.roomprofessionalservice", "pk": 1023, "fields": {"profesional_service": 103, "room": 3}}, {"model": "rooms.roomprofessionalservice", "pk": 1024, "fields": {"profesional_service": 103, "room": 4}}, {"model": "rooms.roomprofessionalservice", "pk": 1025, "fields": {"profesional_service": 103, "room": 5}}, {"model": "rooms.roomprofessionalservice", "pk": 1026, "fields": {"profesional_service": 103, "room": 6}}, {"model": "rooms.roomprofessionalservice", "pk": 1027, "fields": {"profesional_service": 103, "room": 7}}, {"model": "rooms.roomprofessionalservice", "pk": 1028, "fields": {"profesional_service": 103, "room": 8}}, {"model": "rooms.roomprofessionalservice", "pk": 1029, "fields": {"profesional_service": 103, "room": 9}}, {"model": "rooms.roomprofessionalservice", "pk": 1030, "fields": {"profesional_service": 103, "room": 10}}, {"model": "rooms.roomprofessionalservice", "pk": 1031, "fields": {"profesional_service": 104, "room": 1}}, {"model": "rooms.roomprofessionalservice", "pk": 1032, "fields": {"profesional_service": 104, "room": 2}}, {"model": "rooms.roomprofessionalservice", "pk": 1033, "fields": {"profesional_service": 104, "room": 3}}, {"model": "rooms.roomprofessionalservice", "pk": 1034, "fields": {"profesional_service": 104, "room": 4}}, {"model": "rooms.roomprofessionalservice", "pk": 1035, "fields": {"profesional_service": 104, "room": 5}}, {"model": "rooms.roomprofessionalservice", "pk": 1036, "fields": {"profesional_service": 104, "room": 6}}, {"model": "rooms.roomprofessionalservice", "pk": 1037, "fields": {"profesional_service": 104, "room": 7}}, {"model": "rooms.roomprofessionalservice", "pk": 1038, "fields": {"profesional_service": 104, "room": 8}}, {"model": "rooms.roomprofessionalservice", "pk": 1039, "fields": {"profesional_service": 104, "room": 9}}, {"model": "rooms.roomprofessionalservice", "pk": 1040, "fields": {"profesional_service": 104, "room": 10}}, {"model": "rooms.roomprofessionalservice", "pk": 1041, "fields": {"profesional_service": 105, "room": 1}}, {"model": "rooms.roomprofessionalservice", "pk": 1042, "fields": {"profesional_service": 105, "room": 2}}, {"model": "rooms.roomprofessionalservice", "pk": 1043, "fields": {"profesional_service": 105, "room": 3}}, {"model": "rooms.roomprofessionalservice", "pk": 1044, "fields": {"profesional_service": 105, "room": 4}}, {"model": "rooms.roomprofessionalservice", "pk": 1045, "fields": {"profesional_service": 105, "room": 5}}, {"model": "rooms.roomprofessionalservice", "pk": 1046, "fields": {"profesional_service": 105, "room": 6}}, {"model": "rooms.roomprofessionalservice", "pk": 1047, "fields": {"profesional_service": 105, "room": 7}}, {"model": "rooms.roomprofessionalservice", "pk": 1048, "fields": {"profesional_service": 105, "room": 8}}, {"model": "rooms.roomprofessionalservice", "pk": 1049, "fields": {"profesional_service": 105, "room": 9}}, {"model": "rooms.roomprofessionalservice", "pk": 1050, "fields": {"profesional_service": 105, "room": 10}}, {"model": "rooms.roomprofessionalservice", "pk": 1051, "fields": {"profesional_service": 106, "room": 1}}, {"model": "rooms.roomprofessionalservice", "pk": 1052, "fields": {"profesional_service": 106, "room": 2}}, {"model": "rooms.roomprofessionalservice", "pk": 1053, "fields": {"profesional_service": 106, "room": 3}}, {"model": "rooms.roomprofessionalservice", "pk": 1054, "fields": {"profesional_service": 106, "room": 4}}, {"model": "rooms.roomprofessionalservice", "pk": 1055, "fields": {"profesional_service": 106, "room": 5}}, {"model": "rooms.roomprofessionalservice", "pk": 1056, "fields": {"profesional_service": 106, "room": 6}}, {"model": "rooms.roomprofessionalservice", "pk": 1057, "fields": {"profesional_service": 106, "room": 7}}, {"model": "rooms.roomprofessionalservice", "pk": 1058, "fields": {"profesional_service": 106, "room": 8}}, {"model": "rooms.roomprofessionalservice", "pk": 1059, "fields": {"profesional_service": 106, "room": 9}}, {"model": "rooms.roomprofessionalservice", "pk": 1060, "fields": {"profesional_service": 106, "room": 10}}, {"model": "rooms.roomprofessionalservice", "pk": 1061, "fields": {"profesional_service": 107, "room": 1}}, {"model": "rooms.roomprofessionalservice", "pk": 1062, "fields": {"profesional_service": 107, "room": 2}}, {"model": "rooms.roomprofessionalservice", "pk": 1063, "fields": {"profesional_service": 107, "room": 3}}, {"model": "rooms.roomprofessionalservice", "pk": 1064, "fields": {"profesional_service": 107, "room": 4}}, {"model": "rooms.roomprofessionalservice", "pk": 1065, "fields": {"profesional_service": 107, "room": 5}}, {"model": "rooms.roomprofessionalservice", "pk": 1066, "fields": {"profesional_service": 107, "room": 6}}, {"model": "rooms.roomprofessionalservice", "pk": 1067, "fields": {"profesional_service": 107, "room": 7}}, {"model": "rooms.roomprofessionalservice", "pk": 1068, "fields": {"profesional_service": 107, "room": 8}}, {"model": "rooms.roomprofessionalservice", "pk": 1069, "fields": {"profesional_service": 107, "room": 9}}, {"model": "rooms.roomprofessionalservice", "pk": 1070, "fields": {"profesional_service": 107, "room": 10}}, {"model": "rooms.roomprofessionalservice", "pk": 1071, "fields": {"profesional_service": 108, "room": 1}}, {"model": "rooms.roomprofessionalservice", "pk": 1072, "fields": {"profesional_service": 108, "room": 2}}, {"model": "rooms.roomprofessionalservice", "pk": 1073, "fields": {"profesional_service": 108, "room": 3}}, {"model": "rooms.roomprofessionalservice", "pk": 1074, "fields": {"profesional_service": 108, "room": 4}}, {"model": "rooms.roomprofessionalservice", "pk": 1075, "fields": {"profesional_service": 108, "room": 5}}, {"model": "rooms.roomprofessionalservice", "pk": 1076, "fields": {"profesional_service": 108, "room": 6}}, {"model": "rooms.roomprofessionalservice", "pk": 1077, "fields": {"profesional_service": 108, "room": 7}}, {"model": "rooms.roomprofessionalservice", "pk": 1078, "fields": {"profesional_service": 108, "room": 8}}, {"model": "rooms.roomprofessionalservice", "pk": 1079, "fields": {"profesional_service": 108, "room": 9}}, {"model": "rooms.roomprofessionalservice", "pk": 1080, "fields": {"profesional_service": 108, "room": 10}}, {"model": "rooms.roomprofessionalservice", "pk": 1081, "fields": {"profesional_service": 109, "room": 1}}, {"model": "rooms.roomprofessionalservice", "pk": 1082, "fields": {"profesional_service": 109, "room": 2}}, {"model": "rooms.roomprofessionalservice", "pk": 1083, "fields": {"profesional_service": 109, "room": 3}}, {"model": "rooms.roomprofessionalservice", "pk": 1084, "fields": {"profesional_service": 109, "room": 4}}, {"model": "rooms.roomprofessionalservice", "pk": 1085, "fields": {"profesional_service": 109, "room": 5}}, {"model": "rooms.roomprofessionalservice", "pk": 1086, "fields": {"profesional_service": 109, "room": 6}}, {"model": "rooms.roomprofessionalservice", "pk": 1087, "fields": {"profesional_service": 109, "room": 7}}, {"model": "rooms.roomprofessionalservice", "pk": 1088, "fields": {"profesional_service": 109, "room": 8}}, {"model": "rooms.roomprofessionalservice", "pk": 1089, "fields": {"profesional_service": 109, "room": 9}}, {"model": "rooms.roomprofessionalservice", "pk": 1090, "fields": {"profesional_service": 109, "room": 10}}, {"model": "rooms.roomprofessionalservice", "pk": 1091, "fields": {"profesional_service": 110, "room": 1}}, {"model": "rooms.roomprofessionalservice", "pk": 1092, "fields": {"profesional_service": 110, "room": 2}}, {"model": "rooms.roomprofessionalservice", "pk": 1093, "fields": {"profesional_service": 110, "room": 3}}, {"model": "rooms.roomprofessionalservice", "pk": 1094, "fields": {"profesional_service": 110, "room": 4}}, {"model": "rooms.roomprofessionalservice", "pk": 1095, "fields": {"profesional_service": 110, "room": 5}}, {"model": "rooms.roomprofessionalservice", "pk": 1096, "fields": {"profesional_service": 110, "room": 6}}, {"model": "rooms.roomprofessionalservice", "pk": 1097, "fields": {"profesional_service": 110, "room": 7}}, {"model": "rooms.roomprofessionalservice", "pk": 1098, "fields": {"profesional_service": 110, "room": 8}}, {"model": "rooms.roomprofessionalservice", "pk": 1099, "fields": {"profesional_service": 110, "room": 9}}, {"model": "rooms.roomprofessionalservice", "pk": 1100, "fields": {"profesional_service": 110, "room": 10}}, {"model": "rooms.roomprofessionalservice", "pk": 1101, "fields": {"profesional_service": 111, "room": 1}}, {"model": "rooms.roomprofessionalservice", "pk": 1102, "fields": {"profesional_service": 111, "room": 2}}, {"model": "rooms.roomprofessionalservice", "pk": 1103, "fields": {"profesional_service": 111, "room": 3}}, {"model": "rooms.roomprofessionalservice", "pk": 1104, "fields": {"profesional_service": 111, "room": 4}}, {"model": "rooms.roomprofessionalservice", "pk": 1105, "fields": {"profesional_service": 111, "room": 5}}, {"model": "rooms.roomprofessionalservice", "pk": 1106, "fields": {"profesional_service": 111, "room": 6}}, {"model": "rooms.roomprofessionalservice", "pk": 1107, "fields": {"profesional_service": 111, "room": 7}}, {"model": "rooms.roomprofessionalservice", "pk": 1108, "fields": {"profesional_service": 111, "room": 8}}, {"model": "rooms.roomprofessionalservice", "pk": 1109, "fields": {"profesional_service": 111, "room": 9}}, {"model": "rooms.roomprofessionalservice", "pk": 1110, "fields": {"profesional_service": 111, "room": 10}}, {"model": "rooms.roomprofessionalservice", "pk": 1111, "fields": {"profesional_service": 112, "room": 1}}, {"model": "rooms.roomprofessionalservice", "pk": 1112, "fields": {"profesional_service": 112, "room": 2}}, {"model": "rooms.roomprofessionalservice", "pk": 1113, "fields": {"profesional_service": 112, "room": 3}}, {"model": "rooms.roomprofessionalservice", "pk": 1114, "fields": {"profesional_service": 112, "room": 4}}, {"model": "rooms.roomprofessionalservice", "pk": 1115, "fields": {"profesional_service": 112, "room": 5}}, {"model": "rooms.roomprofessionalservice", "pk": 1116, "fields": {"profesional_service": 112, "room": 6}}, {"model": "rooms.roomprofessionalservice", "pk": 1117, "fields": {"profesional_service": 112, "room": 7}}, {"model": "rooms.roomprofessionalservice", "pk": 1118, "fields": {"profesional_service": 112, "room": 8}}, {"model": "rooms.roomprofessionalservice", "pk": 1119, "fields": {"profesional_service": 112, "room": 9}}, {"model": "rooms.roomprofessionalservice", "pk": 1120, "fields": {"profesional_service": 112, "room": 10}}, {"model": "rooms.roomprofessionalservice", "pk": 1121, "fields": {"profesional_service": 113, "room": 1}}, {"model": "rooms.roomprofessionalservice", "pk": 1122, "fields": {"profesional_service": 113, "room": 2}}, {"model": "rooms.roomprofessionalservice", "pk": 1123, "fields": {"profesional_service": 113, "room": 3}}, {"model": "rooms.roomprofessionalservice", "pk": 1124, "fields": {"profesional_service": 113, "room": 4}}, {"model": "rooms.roomprofessionalservice", "pk": 1125, "fields": {"profesional_service": 113, "room": 5}}, {"model": "rooms.roomprofessionalservice", "pk": 1126, "fields": {"profesional_service": 113, "room": 6}}, {"model": "rooms.roomprofessionalservice", "pk": 1127, "fields": {"profesional_service": 113, "room": 7}}, {"model": "rooms.roomprofessionalservice", "pk": 1128, "fields": {"profesional_service": 113, "room": 8}}, {"model": "rooms.roomprofessionalservice", "pk": 1129, "fields": {"profesional_service": 113, "room": 9}}, {"model": "rooms.roomprofessionalservice", "pk": 1130, "fields": {"profesional_service": 113, "room": 10}}, {"model": "rooms.roomprofessionalservice", "pk": 1131, "fields": {"profesional_service": 114, "room": 1}}, {"model": "rooms.roomprofessionalservice", "pk": 1132, "fields": {"profesional_service": 114, "room": 2}}, {"model": "rooms.roomprofessionalservice", "pk": 1133, "fields": {"profesional_service": 114, "room": 3}}, {"model": "rooms.roomprofessionalservice", "pk": 1134, "fields": {"profesional_service": 114, "room": 4}}, {"model": "rooms.roomprofessionalservice", "pk": 1135, "fields": {"profesional_service": 114, "room": 5}}, {"model": "rooms.roomprofessionalservice", "pk": 1136, "fields": {"profesional_service": 114, "room": 6}}, {"model": "rooms.roomprofessionalservice", "pk": 1137, "fields": {"profesional_service": 114, "room": 7}}, {"model": "rooms.roomprofessionalservice", "pk": 1138, "fields": {"profesional_service": 114, "room": 8}}, {"model": "rooms.roomprofessionalservice", "pk": 1139, "fields": {"profesional_service": 114, "room": 9}}, {"model": "rooms.roomprofessionalservice", "pk": 1140, "fields": {"profesional_service": 114, "room": 10}}, {"model": "rooms.roomprofessionalservice", "pk": 1141, "fields": {"profesional_service": 115, "room": 1}}, {"model": "rooms.roomprofessionalservice", "pk": 1142, "fields": {"profesional_service": 115, "room": 2}}, {"model": "rooms.roomprofessionalservice", "pk": 1143, "fields": {"profesional_service": 115, "room": 3}}, {"model": "rooms.roomprofessionalservice", "pk": 1144, "fields": {"profesional_service": 115, "room": 4}}, {"model": "rooms.roomprofessionalservice", "pk": 1145, "fields": {"profesional_service": 115, "room": 5}}, {"model": "rooms.roomprofessionalservice", "pk": 1146, "fields": {"profesional_service": 115, "room": 6}}, {"model": "rooms.roomprofessionalservice", "pk": 1147, "fields": {"profesional_service": 115, "room": 7}}, {"model": "rooms.roomprofessionalservice", "pk": 1148, "fields": {"profesional_service": 115, "room": 8}}, {"model": "rooms.roomprofessionalservice", "pk": 1149, "fields": {"profesional_service": 115, "room": 9}}, {"model": "rooms.roomprofessionalservice", "pk": 1150, "fields": {"profesional_service": 115, "room": 10}}, {"model": "rooms.roomprofessionalservice", "pk": 1151, "fields": {"profesional_service": 116, "room": 1}}, {"model": "rooms.roomprofessionalservice", "pk": 1152, "fields": {"profesional_service": 116, "room": 2}}, {"model": "rooms.roomprofessionalservice", "pk": 1153, "fields": {"profesional_service": 116, "room": 3}}, {"model": "rooms.roomprofessionalservice", "pk": 1154, "fields": {"profesional_service": 116, "room": 4}}, {"model": "rooms.roomprofessionalservice", "pk": 1155, "fields": {"profesional_service": 116, "room": 5}}, {"model": "rooms.roomprofessionalservice", "pk": 1156, "fields": {"profesional_service": 116, "room": 6}}, {"model": "rooms.roomprofessionalservice", "pk": 1157, "fields": {"profesional_service": 116, "room": 7}}, {"model": "rooms.roomprofessionalservice", "pk": 1158, "fields": {"profesional_service": 116, "room": 8}}, {"model": "rooms.roomprofessionalservice", "pk": 1159, "fields": {"profesional_service": 116, "room": 9}}, {"model": "rooms.roomprofessionalservice", "pk": 1160, "fields": {"profesional_service": 116, "room": 10}}, {"model": "rooms.roomprofessionalservice", "pk": 1161, "fields": {"profesional_service": 117, "room": 1}}, {"model": "rooms.roomprofessionalservice", "pk": 1162, "fields": {"profesional_service": 117, "room": 2}}, {"model": "rooms.roomprofessionalservice", "pk": 1163, "fields": {"profesional_service": 117, "room": 3}}, {"model": "rooms.roomprofessionalservice", "pk": 1164, "fields": {"profesional_service": 117, "room": 4}}, {"model": "rooms.roomprofessionalservice", "pk": 1165, "fields": {"profesional_service": 117, "room": 5}}, {"model": "rooms.roomprofessionalservice", "pk": 1166, "fields": {"profesional_service": 117, "room": 6}}, {"model": "rooms.roomprofessionalservice", "pk": 1167, "fields": {"profesional_service": 117, "room": 7}}, {"model": "rooms.roomprofessionalservice", "pk": 1168, "fields": {"profesional_service": 117, "room": 8}}, {"model": "rooms.roomprofessionalservice", "pk": 1169, "fields": {"profesional_service": 117, "room": 9}}, {"model": "rooms.roomprofessionalservice", "pk": 1170, "fields": {"profesional_service": 117, "room": 10}}, {"model": "rooms.roomprofessionalservice", "pk": 1171, "fields": {"profesional_service": 118, "room": 1}}, {"model": "rooms.roomprofessionalservice", "pk": 1172, "fields": {"profesional_service": 118, "room": 2}}, {"model": "rooms.roomprofessionalservice", "pk": 1173, "fields": {"profesional_service": 118, "room": 3}}, {"model": "rooms.roomprofessionalservice", "pk": 1174, "fields": {"profesional_service": 118, "room": 4}}, {"model": "rooms.roomprofessionalservice", "pk": 1175, "fields": {"profesional_service": 118, "room": 5}}, {"model": "rooms.roomprofessionalservice", "pk": 1176, "fields": {"profesional_service": 118, "room": 6}}, {"model": "rooms.roomprofessionalservice", "pk": 1177, "fields": {"profesional_service": 118, "room": 7}}, {"model": "rooms.roomprofessionalservice", "pk": 1178, "fields": {"profesional_service": 118, "room": 8}}, {"model": "rooms.roomprofessionalservice", "pk": 1179, "fields": {"profesional_service": 118, "room": 9}}, {"model": "rooms.roomprofessionalservice", "pk": 1180, "fields": {"profesional_service": 118, "room": 10}}, {"model": "rooms.roomprofessionalservice", "pk": 1181, "fields": {"profesional_service": 119, "room": 1}}, {"model": "rooms.roomprofessionalservice", "pk": 1182, "fields": {"profesional_service": 119, "room": 2}}, {"model": "rooms.roomprofessionalservice", "pk": 1183, "fields": {"profesional_service": 119, "room": 3}}, {"model": "rooms.roomprofessionalservice", "pk": 1184, "fields": {"profesional_service": 119, "room": 4}}, {"model": "rooms.roomprofessionalservice", "pk": 1185, "fields": {"profesional_service": 119, "room": 5}}, {"model": "rooms.roomprofessionalservice", "pk": 1186, "fields": {"profesional_service": 119, "room": 6}}, {"model": "rooms.roomprofessionalservice", "pk": 1187, "fields": {"profesional_service": 119, "room": 7}}, {"model": "rooms.roomprofessionalservice", "pk": 1188, "fields": {"profesional_service": 119, "room": 8}}, {"model": "rooms.roomprofessionalservice", "pk": 1189, "fields": {"profesional_service": 119, "room": 9}}, {"model": "rooms.roomprofessionalservice", "pk": 1190, "fields": {"profesional_service": 119, "room": 10}}, {"model": "rooms.roomprofessionalservice", "pk": 1191, "fields": {"profesional_service": 120, "room": 1}}, {"model": "rooms.roomprofessionalservice", "pk": 1192, "fields": {"profesional_service": 120, "room": 2}}, {"model": "rooms.roomprofessionalservice", "pk": 1193, "fields": {"profesional_service": 120, "room": 3}}, {"model": "rooms.roomprofessionalservice", "pk": 1194, "fields": {"profesional_service": 120, "room": 4}}, {"model": "rooms.roomprofessionalservice", "pk": 1195, "fields": {"profesional_service": 120, "room": 5}}, {"model": "rooms.roomprofessionalservice", "pk": 1196, "fields": {"profesional_service": 120, "room": 6}}, {"model": "rooms.roomprofessionalservice", "pk": 1197, "fields": {"profesional_service": 120, "room": 7}}, {"model": "rooms.roomprofessionalservice", "pk": 1198, "fields": {"profesional_service": 120, "room": 8}}, {"model": "rooms.roomprofessionalservice", "pk": 1199, "fields": {"profesional_service": 120, "room": 9}}, {"model": "rooms.roomprofessionalservice", "pk": 1200, "fields": {"profesional_service": 120, "room": 10}}, {"model": "services.services", "pk": 1, "fields": {"nombre": "Attorney agree mean ahead. Design itself mention organization.", "precio": "0.85", "duracion": "1645 14:38:34"}}, {"model": "services.services", "pk": 2, "fields": {"nombre": "Four ever every create. Marriage window add.\nAppear ok above social.", "precio": "0.84", "duracion": "7338 16:39:35"}}, {"model": "services.services", "pk": 3, "fields": {"nombre": "Nature personal need.", "precio": "0.06", "duracion": "10817 17:35:24"}}, {"model": "services.services", "pk": 4, "fields": {"nombre": "Both phone gas step imagine right.", "precio": "0.96", "duracion": "7736 18:47:15"}}, {"model": "services.services", "pk": 5, "fields": {"nombre": "Yes people word break cultural. Building price focus. Future practice center heavy.", "precio": "0.27", "duracion": "9855 08:40:14"}}, {"model": "services.services", "pk": 6, "fields": {"nombre": "Return policy record necessary option say.", "precio": "0.50", "duracion": "9026 00:45:31"}}, {"model": "users.users", "pk": 1, "fields": {"nombre": "John Taylor", "apellido_paterno": "Eric Rogers", "apellido_materno": "Charles Robinson", "fecha_nacimiento": "2007-02-14", "edad": 83, "usr_fecha_creacion": "1978-08-25T03:38:22Z", "usr_fecha_edicion": "1983-12-17T08:39:11Z", "usuario": "mckeewilliam@diaz.net", "password": "123456", "activo": true}}, {"model": "users.users", "pk": 2, "fields": {"nombre": "Kayla Morse", "apellido_paterno": "Ronald Powell", "apellido_materno": "Mia Rivera", "fecha_nacimiento": "1971-04-24", "edad": 65, "usr_fecha_creacion": "1999-02-06T09:01:24Z", "usr_fecha_edicion": "1988-12-02T21:08:56Z", "usuario": "mollymueller@thompson-stevens.com", "password": "123456", "activo": true}}, {"model": "users.users", "pk": 3, "fields": {"nombre": "Scott Miller", "apellido_paterno": "Trevor Johnson", "apellido_materno": "Kelly Rubio", "fecha_nacimiento": "2017-12-13", "edad": 36, "usr_fecha_creacion": "2007-04-14T19:08:16Z", "usr_fecha_edicion": "1979-01-15T21:33:08Z", "usuario": "klane@reed.com", "password": "123456", "activo": true}}, {"model": "users.users", "pk": 4, "fields": {"nombre": "Carlos Stanley", "apellido_paterno": "Sean Cook", "apellido_materno": "Amanda Walker", "fecha_nacimiento": "2003-03-16", "edad": 26, "usr_fecha_creacion": "2011-02-03T16:26:38Z", "usr_fecha_edicion": "2005-08-19T19:31:47Z", "usuario": "robinstephens@yahoo.com", "password": "123456", "activo": true}}, {"model": "users.users", "pk": 5, "fields": {"nombre": "Michael Henderson", "apellido_paterno": "John Hoffman", "apellido_materno": "Diana Hudson", "fecha_nacimiento": "1974-02-07", "edad": 76, "usr_fecha_creacion": "1984-08-09T00:35:08Z", "usr_fecha_edicion": "1996-12-30T16:28:36Z", "usuario": "john39@stewart.info", "password": "123456", "activo": true}}, {"model": "users.users", "pk": 6, "fields": {"nombre": "Judy Fox", "apellido_paterno": "Jamie White MD", "apellido_materno": "Billy Brewer", "fecha_nacimiento": "2000-08-07", "edad": 33, "usr_fecha_creacion": "1995-02-02T06:47:20Z", "usr_fecha_edicion": "2010-04-08T14:46:49Z", "usuario": "waltoncheryl@ross.info", "password": "123456", "activo": true}}, {"model": "users.users", "pk": 7, "fields": {"nombre": "Nicholas Haas", "apellido_paterno": "Wayne Anderson", "apellido_materno": "Christina Caldwell", "fecha_nacimiento": "2003-08-11", "edad": 99, "usr_fecha_creacion": "2005-04-04T15:31:11Z", "usr_fecha_edicion": "2005-04-24T22:26:06Z", "usuario": "allison55@molina.info", "password": "123456", "activo": true}}, {"model": "users.users", "pk": 8, "fields": {"nombre": "Lisa Martin", "apellido_paterno": "Shawn Wright", "apellido_materno": "Michael Gaines", "fecha_nacimiento": "2012-09-01", "edad": 42, "usr_fecha_creacion": "1982-12-01T02:24:57Z", "usr_fecha_edicion": "1999-01-27T12:39:55Z", "usuario": "bairdclaudia@russell.info", "password": "123456", "activo": true}}, {"model": "users.users", "pk": 9, "fields": {"nombre": "Christopher Gonzalez", "apellido_paterno": "Joshua Berry", "apellido_materno": "Kyle Garcia", "fecha_nacimiento": "1992-09-21", "edad": 89, "usr_fecha_creacion": "1977-08-04T05:39:25Z", "usr_fecha_edicion": "1985-07-12T15:27:24Z", "usuario": "jose15@gibson.com", "password": "123456", "activo": true}}, {"model": "users.users", "pk": 10, "fields": {"nombre": "Mary Cole", "apellido_paterno": "Scott Barnes", "apellido_materno": "Ralph Malone", "fecha_nacimiento": "1979-05-21", "edad": 78, "usr_fecha_creacion": "1997-03-29T14:19:05Z", "usr_fecha_edicion": "1979-10-09T12:47:14Z", "usuario": "mariaberry@hotmail.com", "password": "123456", "activo": true}}, {"model": "users.users", "pk": 11, "fields": {"nombre": "Elizabeth Dominguez", "apellido_paterno": "Paige Carter", "apellido_materno": "Thomas Chandler", "fecha_nacimiento": "2007-05-04", "edad": 48, "usr_fecha_creacion": "2006-08-16T11:32:23Z", "usr_fecha_edicion": "1983-03-27T13:54:20Z", "usuario": "codyglenn@tran.com", "password": "123456", "activo": true}}, {"model": "users.users", "pk": 12, "fields": {"nombre": "Melissa Barnes", "apellido_paterno": "Victoria Burton", "apellido_materno": "Robert Le", "fecha_nacimiento": "1978-06-02", "edad": 100, "usr_fecha_creacion": "1989-03-12T07:01:00Z", "usr_fecha_edicion": "1974-06-26T07:44:38Z", "usuario": "amy63@caldwell.biz", "password": "123456", "activo": true}}, {"model": "users.users", "pk": 13, "fields": {"nombre": "Alexandria Moran", "apellido_paterno": "James Taylor", "apellido_materno": "Michelle Bryant", "fecha_nacimiento": "2012-10-27", "edad": 93, "usr_fecha_creacion": "2013-05-31T12:43:42Z", "usr_fecha_edicion": "2010-04-14T00:34:00Z", "usuario": "angelica89@clark.com", "password": "123456", "activo": true}}, {"model": "users.users", "pk": 14, "fields": {"nombre": "Andrew Irwin", "apellido_paterno": "Lisa Stephens", "apellido_materno": "Danielle Brown", "fecha_nacimiento": "1991-04-21", "edad": 31, "usr_fecha_creacion": "2001-08-29T00:25:35Z", "usr_fecha_edicion": "2009-06-05T03:11:32Z", "usuario": "dalejohnson@carter.org", "password": "123456", "activo": true}}, {"model": "users.users", "pk": 15, "fields": {"nombre": "Elizabeth Shelton", "apellido_paterno": "Lisa Hall", "apellido_materno": "Joshua Glass", "fecha_nacimiento": "2008-01-29", "edad": 44, "usr_fecha_creacion": "2012-05-30T16:36:41Z", "usr_fecha_edicion": "2000-03-26T09:25:28Z", "usuario": "lbennett@sanders.com", "password": "123456", "activo": true}}, {"model": "users.users", "pk": 16, "fields": {"nombre": "David Avery", "apellido_paterno": "Patricia Carrillo DDS", "apellido_materno": "Traci Lyons", "fecha_nacimiento": "1973-03-22", "edad": 76, "usr_fecha_creacion": "1978-12-04T04:10:11Z", "usr_fecha_edicion": "1998-12-27T21:07:42Z", "usuario": "lsosa@gmail.com", "password": "123456", "activo": true}}, {"model": "users.users", "pk": 17, "fields": {"nombre": "Grace Young", "apellido_paterno": "Terri Thompson", "apellido_materno": "Joshua Smith", "fecha_nacimiento": "2007-03-23", "edad": 88, "usr_fecha_creacion": "1970-06-19T20:44:26Z", "usr_fecha_edicion": "1998-10-31T03:18:07Z", "usuario": "ahowell@steele.com", "password": "123456", "activo": true}}, {"model": "users.users", "pk": 18, "fields": {"nombre": "Jessica Hicks", "apellido_paterno": "Jonathan Smith", "apellido_materno": "Blake Wilson", "fecha_nacimiento": "2010-03-22", "edad": 73, "usr_fecha_creacion": "1986-10-20T06:22:15Z", "usr_fecha_edicion": "1970-12-13T13:00:45Z", "usuario": "hughesrachael@johnson.com", "password": "123456", "activo": true}}, {"model": "users.users", "pk": 19, "fields": {"nombre": "Erin George", "apellido_paterno": "Brandon Mitchell", "apellido_materno": "Nichole Wilson", "fecha_nacimiento": "2011-06-14", "edad": 35, "usr_fecha_creacion": "1976-11-14T12:20:47Z", "usr_fecha_edicion": "1979-01-31T09:49:35Z", "usuario": "michael77@turner.com", "password": "123456", "activo": true}}, {"model": "users.users", "pk": 20, "fields": {"nombre": "Christopher Green", "apellido_paterno": "Laura Black", "apellido_materno": "Heather Webster", "fecha_nacimiento": "1990-09-16", "edad": 94, "usr_fecha_creacion": "1983-04-14T23:18:51Z", "usr_fecha_edicion": "1977-11-21T19:48:20Z", "usuario": "helen31@gmail.com", "password": "123456", "activo": true}}, {"model": "auth.permission", "pk": 1, "fields": {"name": "Can add log entry", "content_type": 1, "codename": "add_logentry"}}, {"model": "auth.permission", "pk": 2, "fields": {"name": "Can change log entry", "content_type": 1, "codename": "change_logentry"}}, {"model": "auth.permission", "pk": 3, "fields": {"name": "Can delete log entry", "content_type": 1, "codename": "delete_logentry"}}, {"model": "auth.permission", "pk": 4, "fields": {"name": "Can add user", "content_type": 2, "codename": "add_user"}}, {"model": "auth.permission", "pk": 5, "fields": {"name": "Can change user", "content_type": 2, "codename": "change_user"}}, {"model": "auth.permission", "pk": 6, "fields": {"name": "Can delete user", "content_type": 2, "codename": "delete_user"}}, {"model": "auth.permission", "pk": 7, "fields": {"name": "Can add group", "content_type": 3, "codename": "add_group"}}, {"model": "auth.permission", "pk": 8, "fields": {"name": "Can change group", "content_type": 3, "codename": "change_group"}}, {"model": "auth.permission", "pk": 9, "fields": {"name": "Can delete group", "content_type": 3, "codename": "delete_group"}}, {"model": "auth.permission", "pk": 10, "fields": {"name": "Can add permission", "content_type": 4, "codename": "add_permission"}}, {"model": "auth.permission", "pk": 11, "fields": {"name": "Can change permission", "content_type": 4, "codename": "change_permission"}}, {"model": "auth.permission", "pk": 12, "fields": {"name": "Can delete permission", "content_type": 4, "codename": "delete_permission"}}, {"model": "auth.permission", "pk": 13, "fields": {"name": "Can add content type", "content_type": 5, "codename": "add_contenttype"}}, {"model": "auth.permission", "pk": 14, "fields": {"name": "Can change content type", "content_type": 5, "codename": "change_contenttype"}}, {"model": "auth.permission", "pk": 15, "fields": {"name": "Can delete content type", "content_type": 5, "codename": "delete_contenttype"}}, {"model": "auth.permission", "pk": 16, "fields": {"name": "Can add session", "content_type": 6, "codename": "add_session"}}, {"model": "auth.permission", "pk": 17, "fields": {"name": "Can change session", "content_type": 6, "codename": "change_session"}}, {"model": "auth.permission", "pk": 18, "fields": {"name": "Can delete session", "content_type": 6, "codename": "delete_session"}}, {"model": "auth.permission", "pk": 19, "fields": {"name": "Can add bookings", "content_type": 7, "codename": "add_bookings"}}, {"model": "auth.permission", "pk": 20, "fields": {"name": "Can change bookings", "content_type": 7, "codename": "change_bookings"}}, {"model": "auth.permission", "pk": 21, "fields": {"name": "Can delete bookings", "content_type": 7, "codename": "delete_bookings"}}, {"model": "auth.permission", "pk": 22, "fields": {"name": "Can add professional", "content_type": 8, "codename": "add_professional"}}, {"model": "auth.permission", "pk": 23, "fields": {"name": "Can change professional", "content_type": 8, "codename": "change_professional"}}, {"model": "auth.permission", "pk": 24, "fields": {"name": "Can delete professional", "content_type": 8, "codename": "delete_professional"}}, {"model": "auth.permission", "pk": 25, "fields": {"name": "Can add professional service", "content_type": 9, "codename": "add_professionalservice"}}, {"model": "auth.permission", "pk": 26, "fields": {"name": "Can change professional service", "content_type": 9, "codename": "change_professionalservice"}}, {"model": "auth.permission", "pk": 27, "fields": {"name": "Can delete professional service", "content_type": 9, "codename": "delete_professionalservice"}}, {"model": "auth.permission", "pk": 28, "fields": {"name": "Can add rooms", "content_type": 10, "codename": "add_rooms"}}, {"model": "auth.permission", "pk": 29, "fields": {"name": "Can change rooms", "content_type": 10, "codename": "change_rooms"}}, {"model": "auth.permission", "pk": 30, "fields": {"name": "Can delete rooms", "content_type": 10, "codename": "delete_rooms"}}, {"model": "auth.permission", "pk": 31, "fields": {"name": "Can add room professional service", "content_type": 11, "codename": "add_roomprofessionalservice"}}, {"model": "auth.permission", "pk": 32, "fields": {"name": "Can change room professional service", "content_type": 11, "codename": "change_roomprofessionalservice"}}, {"model": "auth.permission", "pk": 33, "fields": {"name": "Can delete room professional service", "content_type": 11, "codename": "delete_roomprofessionalservice"}}, {"model": "auth.permission", "pk": 34, "fields": {"name": "Can add services", "content_type": 12, "codename": "add_services"}}, {"model": "auth.permission", "pk": 35, "fields": {"name": "Can change services", "content_type": 12, "codename": "change_services"}}, {"model": "auth.permission", "pk": 36, "fields": {"name": "Can delete services", "content_type": 12, "codename": "delete_services"}}, {"model": "auth.permission", "pk": 37, "fields": {"name": "Can add users", "content_type": 13, "codename": "add_users"}}, {"model": "auth.permission", "pk": 38, "fields": {"name": "Can change users", "content_type": 13, "codename": "change_users"}}, {"model": "auth.permission", "pk": 39, "fields": {"name": "Can delete users", "content_type": 13, "codename": "delete_users"}}, {"model": "auth.permission", "pk": 40, "fields": {"name": "Can add booking state", "content_type": 14, "codename": "add_bookingstate"}}, {"model": "auth.permission", "pk": 41, "fields": {"name": "Can change booking state", "content_type": 14, "codename": "change_bookingstate"}}, {"model": "auth.permission", "pk": 42, "fields": {"name": "Can delete booking state", "content_type": 14, "codename": "delete_bookingstate"}}]